CSS 	Entity
0020	SPACE ( )
0021	EXCLAMATION MARK (!)
0022	QUOTATION MARK (")
0023	NUMBER SIGN (#)
0024	DOLLAR SIGN ($)
0025	PERCENT SIGN (%)
0026	AMPERSAND (&)
0027	APOSTROPHE (')
0028	LEFT PARENTHESIS (()
0029	RIGHT PARENTHESIS ())
002A	ASTERISK (*)
002B	PLUS SIGN (+)
002C	COMMA (,)
002D	HYPHEN-MINUS (-)
002E	FULL STOP (.)
002F	SOLIDUS (/)
0030	DIGIT ZERO (0)
0031	DIGIT ONE (1)
0032	DIGIT TWO (2)
0033	DIGIT THREE (3)
0034	DIGIT FOUR (4)
0035	DIGIT FIVE (5)
0036	DIGIT SIX (6)
0037	DIGIT SEVEN (7)
0038	DIGIT EIGHT (8)
0039	DIGIT NINE (9)
003A	COLON (:)
003B	SEMICOLON (;)
003C	LESS-THAN SIGN (<)
003D	EQUALS SIGN (=)
003E	GREATER-THAN SIGN (>)
003F	QUESTION MARK (?)
0040	COMMERCIAL AT (@)
0041	LATIN CAPITAL LETTER A (A)
0042	LATIN CAPITAL LETTER B (B)
0043	LATIN CAPITAL LETTER C (C)
0044	LATIN CAPITAL LETTER D (D)
0045	LATIN CAPITAL LETTER E (E)
0046	LATIN CAPITAL LETTER F (F)
0047	LATIN CAPITAL LETTER G (G)
0048	LATIN CAPITAL LETTER H (H)
0049	LATIN CAPITAL LETTER I (I)
004A	LATIN CAPITAL LETTER J (J)
004B	LATIN CAPITAL LETTER K (K)
004C	LATIN CAPITAL LETTER L (L)
004D	LATIN CAPITAL LETTER M (M)
004E	LATIN CAPITAL LETTER N (N)
004F	LATIN CAPITAL LETTER O (O)
0050	LATIN CAPITAL LETTER P (P)
0051	LATIN CAPITAL LETTER Q (Q)
0052	LATIN CAPITAL LETTER R (R)
0053	LATIN CAPITAL LETTER S (S)
0054	LATIN CAPITAL LETTER T (T)
0055	LATIN CAPITAL LETTER U (U)
0056	LATIN CAPITAL LETTER V (V)
0057	LATIN CAPITAL LETTER W (W)
0058	LATIN CAPITAL LETTER X (X)
0059	LATIN CAPITAL LETTER Y (Y)
005A	LATIN CAPITAL LETTER Z (Z)
005B	LEFT SQUARE BRACKET ([)
005C	REVERSE SOLIDUS (\)
005D	RIGHT SQUARE BRACKET (])
005E	CIRCUMFLEX ACCENT (^)
005F	LOW LINE (_)
0060	GRAVE ACCENT (`)
0061	LATIN SMALL LETTER A (a)
0062	LATIN SMALL LETTER B (b)
0063	LATIN SMALL LETTER C (c)
0064	LATIN SMALL LETTER D (d)
0065	LATIN SMALL LETTER E (e)
0066	LATIN SMALL LETTER F (f)
0067	LATIN SMALL LETTER G (g)
0068	LATIN SMALL LETTER H (h)
0069	LATIN SMALL LETTER I (i)
006A	LATIN SMALL LETTER J (j)
006B	LATIN SMALL LETTER K (k)
006C	LATIN SMALL LETTER L (l)
006D	LATIN SMALL LETTER M (m)
006E	LATIN SMALL LETTER N (n)
006F	LATIN SMALL LETTER O (o)
0070	LATIN SMALL LETTER P (p)
0071	LATIN SMALL LETTER Q (q)
0072	LATIN SMALL LETTER R (r)
0073	LATIN SMALL LETTER S (s)
0074	LATIN SMALL LETTER T (t)
0075	LATIN SMALL LETTER U (u)
0076	LATIN SMALL LETTER V (v)
0077	LATIN SMALL LETTER W (w)
0078	LATIN SMALL LETTER X (x)
0079	LATIN SMALL LETTER Y (y)
007A	LATIN SMALL LETTER Z (z)
007B	LEFT CURLY BRACKET ({)
007C	VERTICAL LINE (|)
007D	RIGHT CURLY BRACKET (})
007E	TILDE (~)
00A0	NO-BREAK SPACE ( )
00A1	INVERTED EXCLAMATION MARK (¡)
00A2	CENT SIGN (¢)
00A3	POUND SIGN (£)
00A4	CURRENCY SIGN (¤)
00A5	YEN SIGN (¥)
00A6	BROKEN BAR (¦)
00A7	SECTION SIGN (§)
00A8	DIAERESIS (¨)
00A9	COPYRIGHT SIGN (©)
00AA	FEMININE ORDINAL INDICATOR (ª)
00AB	LEFT-POINTING DOUBLE ANGLE QUOTATION MARK («)
00AC	NOT SIGN (¬)
00AD	SOFT HYPHEN (­)
00AE	REGISTERED SIGN (®)
00AF	MACRON (¯)
00B0	DEGREE SIGN (°)
00B1	PLUS-MINUS SIGN (±)
00B2	SUPERSCRIPT TWO (²)
00B3	SUPERSCRIPT THREE (³)
00B4	ACUTE ACCENT (´)
00B5	MICRO SIGN (µ)
00B6	PILCROW SIGN (¶)
00B7	MIDDLE DOT (·)
00B8	CEDILLA (¸)
00B9	SUPERSCRIPT ONE (¹)
00BA	MASCULINE ORDINAL INDICATOR (º)
00BB	RIGHT-POINTING DOUBLE ANGLE QUOTATION MARK (»)
00BC	VULGAR FRACTION ONE QUARTER (¼)
00BD	VULGAR FRACTION ONE HALF (½)
00BE	VULGAR FRACTION THREE QUARTERS (¾)
00BF	INVERTED QUESTION MARK (¿)
00C0	LATIN CAPITAL LETTER A WITH GRAVE (À)
00C1	LATIN CAPITAL LETTER A WITH ACUTE (Á)
00C2	LATIN CAPITAL LETTER A WITH CIRCUMFLEX (Â)
00C3	LATIN CAPITAL LETTER A WITH TILDE (Ã)
00C4	LATIN CAPITAL LETTER A WITH DIAERESIS (Ä)
00C5	LATIN CAPITAL LETTER A WITH RING ABOVE (Å)
00C6	LATIN CAPITAL LETTER AE (Æ)
00C7	LATIN CAPITAL LETTER C WITH CEDILLA (Ç)
00C8	LATIN CAPITAL LETTER E WITH GRAVE (È)
00C9	LATIN CAPITAL LETTER E WITH ACUTE (É)
00CA	LATIN CAPITAL LETTER E WITH CIRCUMFLEX (Ê)
00CB	LATIN CAPITAL LETTER E WITH DIAERESIS (Ë)
00CC	LATIN CAPITAL LETTER I WITH GRAVE (Ì)
00CD	LATIN CAPITAL LETTER I WITH ACUTE (Í)
00CE	LATIN CAPITAL LETTER I WITH CIRCUMFLEX (Î)
00CF	LATIN CAPITAL LETTER I WITH DIAERESIS (Ï)
00D0	LATIN CAPITAL LETTER ETH (Ð)
00D1	LATIN CAPITAL LETTER N WITH TILDE (Ñ)
00D2	LATIN CAPITAL LETTER O WITH GRAVE (Ò)
00D3	LATIN CAPITAL LETTER O WITH ACUTE (Ó)
00D4	LATIN CAPITAL LETTER O WITH CIRCUMFLEX (Ô)
00D5	LATIN CAPITAL LETTER O WITH TILDE (Õ)
00D6	LATIN CAPITAL LETTER O WITH DIAERESIS (Ö)
00D7	MULTIPLICATION SIGN (×)
00D8	LATIN CAPITAL LETTER O WITH STROKE (Ø)
00D9	LATIN CAPITAL LETTER U WITH GRAVE (Ù)
00DA	LATIN CAPITAL LETTER U WITH ACUTE (Ú)
00DB	LATIN CAPITAL LETTER U WITH CIRCUMFLEX (Û)
00DC	LATIN CAPITAL LETTER U WITH DIAERESIS (Ü)
00DD	LATIN CAPITAL LETTER Y WITH ACUTE (Ý)
00DE	LATIN CAPITAL LETTER THORN (Þ)
00DF	LATIN SMALL LETTER SHARP S (ß)
00E0	LATIN SMALL LETTER A WITH GRAVE (à)
00E1	LATIN SMALL LETTER A WITH ACUTE (á)
00E2	LATIN SMALL LETTER A WITH CIRCUMFLEX (â)
00E3	LATIN SMALL LETTER A WITH TILDE (ã)
00E4	LATIN SMALL LETTER A WITH DIAERESIS (ä)
00E5	LATIN SMALL LETTER A WITH RING ABOVE (å)
00E6	LATIN SMALL LETTER AE (æ)
00E7	LATIN SMALL LETTER C WITH CEDILLA (ç)
00E8	LATIN SMALL LETTER E WITH GRAVE (è)
00E9	LATIN SMALL LETTER E WITH ACUTE (é)
00EA	LATIN SMALL LETTER E WITH CIRCUMFLEX (ê)
00EB	LATIN SMALL LETTER E WITH DIAERESIS (ë)
00EC	LATIN SMALL LETTER I WITH GRAVE (ì)
00ED	LATIN SMALL LETTER I WITH ACUTE (í)
00EE	LATIN SMALL LETTER I WITH CIRCUMFLEX (î)
00EF	LATIN SMALL LETTER I WITH DIAERESIS (ï)
00F0	LATIN SMALL LETTER ETH (ð)
00F1	LATIN SMALL LETTER N WITH TILDE (ñ)
00F2	LATIN SMALL LETTER O WITH GRAVE (ò)
00F3	LATIN SMALL LETTER O WITH ACUTE (ó)
00F4	LATIN SMALL LETTER O WITH CIRCUMFLEX (ô)
00F5	LATIN SMALL LETTER O WITH TILDE (õ)
00F6	LATIN SMALL LETTER O WITH DIAERESIS (ö)
00F7	DIVISION SIGN (÷)
00F8	LATIN SMALL LETTER O WITH STROKE (ø)
00F9	LATIN SMALL LETTER U WITH GRAVE (ù)
00FA	LATIN SMALL LETTER U WITH ACUTE (ú)
00FB	LATIN SMALL LETTER U WITH CIRCUMFLEX (û)
00FC	LATIN SMALL LETTER U WITH DIAERESIS (ü)
00FD	LATIN SMALL LETTER Y WITH ACUTE (ý)
00FE	LATIN SMALL LETTER THORN (þ)
00FF	LATIN SMALL LETTER Y WITH DIAERESIS (ÿ)
0100	LATIN CAPITAL LETTER A WITH MACRON (Ā)
0101	LATIN SMALL LETTER A WITH MACRON (ā)
0102	LATIN CAPITAL LETTER A WITH BREVE (Ă)
0103	LATIN SMALL LETTER A WITH BREVE (ă)
0104	LATIN CAPITAL LETTER A WITH OGONEK (Ą)
0105	LATIN SMALL LETTER A WITH OGONEK (ą)
0106	LATIN CAPITAL LETTER C WITH ACUTE (Ć)
0107	LATIN SMALL LETTER C WITH ACUTE (ć)
0108	LATIN CAPITAL LETTER C WITH CIRCUMFLEX (Ĉ)
0109	LATIN SMALL LETTER C WITH CIRCUMFLEX (ĉ)
010A	LATIN CAPITAL LETTER C WITH DOT ABOVE (Ċ)
010B	LATIN SMALL LETTER C WITH DOT ABOVE (ċ)
010C	LATIN CAPITAL LETTER C WITH CARON (Č)
010D	LATIN SMALL LETTER C WITH CARON (č)
010E	LATIN CAPITAL LETTER D WITH CARON (Ď)
010F	LATIN SMALL LETTER D WITH CARON (ď)
0110	LATIN CAPITAL LETTER D WITH STROKE (Đ)
0111	LATIN SMALL LETTER D WITH STROKE (đ)
0112	LATIN CAPITAL LETTER E WITH MACRON (Ē)
0113	LATIN SMALL LETTER E WITH MACRON (ē)
0114	LATIN CAPITAL LETTER E WITH BREVE (Ĕ)
0115	LATIN SMALL LETTER E WITH BREVE (ĕ)
0116	LATIN CAPITAL LETTER E WITH DOT ABOVE (Ė)
0117	LATIN SMALL LETTER E WITH DOT ABOVE (ė)
0118	LATIN CAPITAL LETTER E WITH OGONEK (Ę)
0119	LATIN SMALL LETTER E WITH OGONEK (ę)
011A	LATIN CAPITAL LETTER E WITH CARON (Ě)
011B	LATIN SMALL LETTER E WITH CARON (ě)
011C	LATIN CAPITAL LETTER G WITH CIRCUMFLEX (Ĝ)
011D	LATIN SMALL LETTER G WITH CIRCUMFLEX (ĝ)
011E	LATIN CAPITAL LETTER G WITH BREVE (Ğ)
011F	LATIN SMALL LETTER G WITH BREVE (ğ)
0120	LATIN CAPITAL LETTER G WITH DOT ABOVE (Ġ)
0121	LATIN SMALL LETTER G WITH DOT ABOVE (ġ)
0122	LATIN CAPITAL LETTER G WITH CEDILLA (Ģ)
0123	LATIN SMALL LETTER G WITH CEDILLA (ģ)
0124	LATIN CAPITAL LETTER H WITH CIRCUMFLEX (Ĥ)
0125	LATIN SMALL LETTER H WITH CIRCUMFLEX (ĥ)
0126	LATIN CAPITAL LETTER H WITH STROKE (Ħ)
0127	LATIN SMALL LETTER H WITH STROKE (ħ)
0128	LATIN CAPITAL LETTER I WITH TILDE (Ĩ)
0129	LATIN SMALL LETTER I WITH TILDE (ĩ)
012A	LATIN CAPITAL LETTER I WITH MACRON (Ī)
012B	LATIN SMALL LETTER I WITH MACRON (ī)
012C	LATIN CAPITAL LETTER I WITH BREVE (Ĭ)
012D	LATIN SMALL LETTER I WITH BREVE (ĭ)
012E	LATIN CAPITAL LETTER I WITH OGONEK (Į)
012F	LATIN SMALL LETTER I WITH OGONEK (į)
0130	LATIN CAPITAL LETTER I WITH DOT ABOVE (İ)
0131	LATIN SMALL LETTER DOTLESS I (ı)
0132	LATIN CAPITAL LIGATURE IJ (Ĳ)
0133	LATIN SMALL LIGATURE IJ (ĳ)
0134	LATIN CAPITAL LETTER J WITH CIRCUMFLEX (Ĵ)
0135	LATIN SMALL LETTER J WITH CIRCUMFLEX (ĵ)
0136	LATIN CAPITAL LETTER K WITH CEDILLA (Ķ)
0137	LATIN SMALL LETTER K WITH CEDILLA (ķ)
0138	LATIN SMALL LETTER KRA (ĸ)
0139	LATIN CAPITAL LETTER L WITH ACUTE (Ĺ)
013A	LATIN SMALL LETTER L WITH ACUTE (ĺ)
013B	LATIN CAPITAL LETTER L WITH CEDILLA (Ļ)
013C	LATIN SMALL LETTER L WITH CEDILLA (ļ)
013D	LATIN CAPITAL LETTER L WITH CARON (Ľ)
013E	LATIN SMALL LETTER L WITH CARON (ľ)
013F	LATIN CAPITAL LETTER L WITH MIDDLE DOT (Ŀ)
0140	LATIN SMALL LETTER L WITH MIDDLE DOT (ŀ)
0141	LATIN CAPITAL LETTER L WITH STROKE (Ł)
0142	LATIN SMALL LETTER L WITH STROKE (ł)
0143	LATIN CAPITAL LETTER N WITH ACUTE (Ń)
0144	LATIN SMALL LETTER N WITH ACUTE (ń)
0145	LATIN CAPITAL LETTER N WITH CEDILLA (Ņ)
0146	LATIN SMALL LETTER N WITH CEDILLA (ņ)
0147	LATIN CAPITAL LETTER N WITH CARON (Ň)
0148	LATIN SMALL LETTER N WITH CARON (ň)
0149	LATIN SMALL LETTER N PRECEDED BY APOSTROPHE (ŉ)
014A	LATIN CAPITAL LETTER ENG (Ŋ)
014B	LATIN SMALL LETTER ENG (ŋ)
014C	LATIN CAPITAL LETTER O WITH MACRON (Ō)
014D	LATIN SMALL LETTER O WITH MACRON (ō)
014E	LATIN CAPITAL LETTER O WITH BREVE (Ŏ)
014F	LATIN SMALL LETTER O WITH BREVE (ŏ)
0150	LATIN CAPITAL LETTER O WITH DOUBLE ACUTE (Ő)
0151	LATIN SMALL LETTER O WITH DOUBLE ACUTE (ő)
0152	LATIN CAPITAL LIGATURE OE (Œ)
0153	LATIN SMALL LIGATURE OE (œ)
0154	LATIN CAPITAL LETTER R WITH ACUTE (Ŕ)
0155	LATIN SMALL LETTER R WITH ACUTE (ŕ)
0156	LATIN CAPITAL LETTER R WITH CEDILLA (Ŗ)
0157	LATIN SMALL LETTER R WITH CEDILLA (ŗ)
0158	LATIN CAPITAL LETTER R WITH CARON (Ř)
0159	LATIN SMALL LETTER R WITH CARON (ř)
015A	LATIN CAPITAL LETTER S WITH ACUTE (Ś)
015B	LATIN SMALL LETTER S WITH ACUTE (ś)
015C	LATIN CAPITAL LETTER S WITH CIRCUMFLEX (Ŝ)
015D	LATIN SMALL LETTER S WITH CIRCUMFLEX (ŝ)
015E	LATIN CAPITAL LETTER S WITH CEDILLA (Ş)
015F	LATIN SMALL LETTER S WITH CEDILLA (ş)
0160	LATIN CAPITAL LETTER S WITH CARON (Š)
0161	LATIN SMALL LETTER S WITH CARON (š)
0162	LATIN CAPITAL LETTER T WITH CEDILLA (Ţ)
0163	LATIN SMALL LETTER T WITH CEDILLA (ţ)
0164	LATIN CAPITAL LETTER T WITH CARON (Ť)
0165	LATIN SMALL LETTER T WITH CARON (ť)
0166	LATIN CAPITAL LETTER T WITH STROKE (Ŧ)
0167	LATIN SMALL LETTER T WITH STROKE (ŧ)
0168	LATIN CAPITAL LETTER U WITH TILDE (Ũ)
0169	LATIN SMALL LETTER U WITH TILDE (ũ)
016A	LATIN CAPITAL LETTER U WITH MACRON (Ū)
016B	LATIN SMALL LETTER U WITH MACRON (ū)
016C	LATIN CAPITAL LETTER U WITH BREVE (Ŭ)
016D	LATIN SMALL LETTER U WITH BREVE (ŭ)
016E	LATIN CAPITAL LETTER U WITH RING ABOVE (Ů)
016F	LATIN SMALL LETTER U WITH RING ABOVE (ů)
0170	LATIN CAPITAL LETTER U WITH DOUBLE ACUTE (Ű)
0171	LATIN SMALL LETTER U WITH DOUBLE ACUTE (ű)
0172	LATIN CAPITAL LETTER U WITH OGONEK (Ų)
0173	LATIN SMALL LETTER U WITH OGONEK (ų)
0174	LATIN CAPITAL LETTER W WITH CIRCUMFLEX (Ŵ)
0175	LATIN SMALL LETTER W WITH CIRCUMFLEX (ŵ)
0176	LATIN CAPITAL LETTER Y WITH CIRCUMFLEX (Ŷ)
0177	LATIN SMALL LETTER Y WITH CIRCUMFLEX (ŷ)
0178	LATIN CAPITAL LETTER Y WITH DIAERESIS (Ÿ)
0179	LATIN CAPITAL LETTER Z WITH ACUTE (Ź)
017A	LATIN SMALL LETTER Z WITH ACUTE (ź)
017B	LATIN CAPITAL LETTER Z WITH DOT ABOVE (Ż)
017C	LATIN SMALL LETTER Z WITH DOT ABOVE (ż)
017D	LATIN CAPITAL LETTER Z WITH CARON (Ž)
017E	LATIN SMALL LETTER Z WITH CARON (ž)
017F	LATIN SMALL LETTER LONG S (ſ)
0180	LATIN SMALL LETTER B WITH STROKE (ƀ)
0181	LATIN CAPITAL LETTER B WITH HOOK (Ɓ)
0182	LATIN CAPITAL LETTER B WITH TOPBAR (Ƃ)
0183	LATIN SMALL LETTER B WITH TOPBAR (ƃ)
0184	LATIN CAPITAL LETTER TONE SIX (Ƅ)
0185	LATIN SMALL LETTER TONE SIX (ƅ)
0186	LATIN CAPITAL LETTER OPEN O (Ɔ)
0187	LATIN CAPITAL LETTER C WITH HOOK (Ƈ)
0188	LATIN SMALL LETTER C WITH HOOK (ƈ)
0189	LATIN CAPITAL LETTER AFRICAN D (Ɖ)
018A	LATIN CAPITAL LETTER D WITH HOOK (Ɗ)
018B	LATIN CAPITAL LETTER D WITH TOPBAR (Ƌ)
018C	LATIN SMALL LETTER D WITH TOPBAR (ƌ)
018D	LATIN SMALL LETTER TURNED DELTA (ƍ)
018E	LATIN CAPITAL LETTER REVERSED E (Ǝ)
018F	LATIN CAPITAL LETTER SCHWA (Ə)
0190	LATIN CAPITAL LETTER OPEN E (Ɛ)
0191	LATIN CAPITAL LETTER F WITH HOOK (Ƒ)
0192	LATIN SMALL LETTER F WITH HOOK (ƒ)
0193	LATIN CAPITAL LETTER G WITH HOOK (Ɠ)
0194	LATIN CAPITAL LETTER GAMMA (Ɣ)
0195	LATIN SMALL LETTER HV (ƕ)
0196	LATIN CAPITAL LETTER IOTA (Ɩ)
0197	LATIN CAPITAL LETTER I WITH STROKE (Ɨ)
0198	LATIN CAPITAL LETTER K WITH HOOK (Ƙ)
0199	LATIN SMALL LETTER K WITH HOOK (ƙ)
019A	LATIN SMALL LETTER L WITH BAR (ƚ)
019B	LATIN SMALL LETTER LAMBDA WITH STROKE (ƛ)
019C	LATIN CAPITAL LETTER TURNED M (Ɯ)
019D	LATIN CAPITAL LETTER N WITH LEFT HOOK (Ɲ)
019E	LATIN SMALL LETTER N WITH LONG RIGHT LEG (ƞ)
019F	LATIN CAPITAL LETTER O WITH MIDDLE TILDE (Ɵ)
01A0	LATIN CAPITAL LETTER O WITH HORN (Ơ)
01A1	LATIN SMALL LETTER O WITH HORN (ơ)
01A2	LATIN CAPITAL LETTER OI (Ƣ)
01A3	LATIN SMALL LETTER OI (ƣ)
01A4	LATIN CAPITAL LETTER P WITH HOOK (Ƥ)
01A5	LATIN SMALL LETTER P WITH HOOK (ƥ)
01A6	LATIN LETTER YR (Ʀ)
01A7	LATIN CAPITAL LETTER TONE TWO (Ƨ)
01A8	LATIN SMALL LETTER TONE TWO (ƨ)
01A9	LATIN CAPITAL LETTER ESH (Ʃ)
01AA	LATIN LETTER REVERSED ESH LOOP (ƪ)
01AB	LATIN SMALL LETTER T WITH PALATAL HOOK (ƫ)
01AC	LATIN CAPITAL LETTER T WITH HOOK (Ƭ)
01AD	LATIN SMALL LETTER T WITH HOOK (ƭ)
01AE	LATIN CAPITAL LETTER T WITH RETROFLEX HOOK (Ʈ)
01AF	LATIN CAPITAL LETTER U WITH HORN (Ư)
01B0	LATIN SMALL LETTER U WITH HORN (ư)
01B1	LATIN CAPITAL LETTER UPSILON (Ʊ)
01B2	LATIN CAPITAL LETTER V WITH HOOK (Ʋ)
01B3	LATIN CAPITAL LETTER Y WITH HOOK (Ƴ)
01B4	LATIN SMALL LETTER Y WITH HOOK (ƴ)
01B5	LATIN CAPITAL LETTER Z WITH STROKE (Ƶ)
01B6	LATIN SMALL LETTER Z WITH STROKE (ƶ)
01B7	LATIN CAPITAL LETTER EZH (Ʒ)
01B8	LATIN CAPITAL LETTER EZH REVERSED (Ƹ)
01B9	LATIN SMALL LETTER EZH REVERSED (ƹ)
01BA	LATIN SMALL LETTER EZH WITH TAIL (ƺ)
01BB	LATIN LETTER TWO WITH STROKE (ƻ)
01BC	LATIN CAPITAL LETTER TONE FIVE (Ƽ)
01BD	LATIN SMALL LETTER TONE FIVE (ƽ)
01BE	LATIN LETTER INVERTED GLOTTAL STOP WITH STROKE (ƾ)
01BF	LATIN LETTER WYNN (ƿ)
01C0	LATIN LETTER DENTAL CLICK (ǀ)
01C1	LATIN LETTER LATERAL CLICK (ǁ)
01C2	LATIN LETTER ALVEOLAR CLICK (ǂ)
01C3	LATIN LETTER RETROFLEX CLICK (ǃ)
01C4	LATIN CAPITAL LETTER DZ WITH CARON (Ǆ)
01C5	LATIN CAPITAL LETTER D WITH SMALL LETTER Z WITH CARON (ǅ)
01C6	LATIN SMALL LETTER DZ WITH CARON (ǆ)
01C7	LATIN CAPITAL LETTER LJ (Ǉ)
01C8	LATIN CAPITAL LETTER L WITH SMALL LETTER J (ǈ)
01C9	LATIN SMALL LETTER LJ (ǉ)
01CA	LATIN CAPITAL LETTER NJ (Ǌ)
01CB	LATIN CAPITAL LETTER N WITH SMALL LETTER J (ǋ)
01CC	LATIN SMALL LETTER NJ (ǌ)
01CD	LATIN CAPITAL LETTER A WITH CARON (Ǎ)
01CE	LATIN SMALL LETTER A WITH CARON (ǎ)
01CF	LATIN CAPITAL LETTER I WITH CARON (Ǐ)
01D0	LATIN SMALL LETTER I WITH CARON (ǐ)
01D1	LATIN CAPITAL LETTER O WITH CARON (Ǒ)
01D2	LATIN SMALL LETTER O WITH CARON (ǒ)
01D3	LATIN CAPITAL LETTER U WITH CARON (Ǔ)
01D4	LATIN SMALL LETTER U WITH CARON (ǔ)
01D5	LATIN CAPITAL LETTER U WITH DIAERESIS AND MACRON (Ǖ)
01D6	LATIN SMALL LETTER U WITH DIAERESIS AND MACRON (ǖ)
01D7	LATIN CAPITAL LETTER U WITH DIAERESIS AND ACUTE (Ǘ)
01D8	LATIN SMALL LETTER U WITH DIAERESIS AND ACUTE (ǘ)
01D9	LATIN CAPITAL LETTER U WITH DIAERESIS AND CARON (Ǚ)
01DA	LATIN SMALL LETTER U WITH DIAERESIS AND CARON (ǚ)
01DB	LATIN CAPITAL LETTER U WITH DIAERESIS AND GRAVE (Ǜ)
01DC	LATIN SMALL LETTER U WITH DIAERESIS AND GRAVE (ǜ)
01DD	LATIN SMALL LETTER TURNED E (ǝ)
01DE	LATIN CAPITAL LETTER A WITH DIAERESIS AND MACRON (Ǟ)
01DF	LATIN SMALL LETTER A WITH DIAERESIS AND MACRON (ǟ)
01E0	LATIN CAPITAL LETTER A WITH DOT ABOVE AND MACRON (Ǡ)
01E1	LATIN SMALL LETTER A WITH DOT ABOVE AND MACRON (ǡ)
01E2	LATIN CAPITAL LETTER AE WITH MACRON (Ǣ)
01E3	LATIN SMALL LETTER AE WITH MACRON (ǣ)
01E4	LATIN CAPITAL LETTER G WITH STROKE (Ǥ)
01E5	LATIN SMALL LETTER G WITH STROKE (ǥ)
01E6	LATIN CAPITAL LETTER G WITH CARON (Ǧ)
01E7	LATIN SMALL LETTER G WITH CARON (ǧ)
01E8	LATIN CAPITAL LETTER K WITH CARON (Ǩ)
01E9	LATIN SMALL LETTER K WITH CARON (ǩ)
01EA	LATIN CAPITAL LETTER O WITH OGONEK (Ǫ)
01EB	LATIN SMALL LETTER O WITH OGONEK (ǫ)
01EC	LATIN CAPITAL LETTER O WITH OGONEK AND MACRON (Ǭ)
01ED	LATIN SMALL LETTER O WITH OGONEK AND MACRON (ǭ)
01EE	LATIN CAPITAL LETTER EZH WITH CARON (Ǯ)
01EF	LATIN SMALL LETTER EZH WITH CARON (ǯ)
01F0	LATIN SMALL LETTER J WITH CARON (ǰ)
01F1	LATIN CAPITAL LETTER DZ (Ǳ)
01F2	LATIN CAPITAL LETTER D WITH SMALL LETTER Z (ǲ)
01F3	LATIN SMALL LETTER DZ (ǳ)
01F4	LATIN CAPITAL LETTER G WITH ACUTE (Ǵ)
01F5	LATIN SMALL LETTER G WITH ACUTE (ǵ)
01F6	LATIN CAPITAL LETTER HWAIR (Ƕ)
01F7	LATIN CAPITAL LETTER WYNN (Ƿ)
01F8	LATIN CAPITAL LETTER N WITH GRAVE (Ǹ)
01F9	LATIN SMALL LETTER N WITH GRAVE (ǹ)
01FA	LATIN CAPITAL LETTER A WITH RING ABOVE AND ACUTE (Ǻ)
01FB	LATIN SMALL LETTER A WITH RING ABOVE AND ACUTE (ǻ)
01FC	LATIN CAPITAL LETTER AE WITH ACUTE (Ǽ)
01FD	LATIN SMALL LETTER AE WITH ACUTE (ǽ)
01FE	LATIN CAPITAL LETTER O WITH STROKE AND ACUTE (Ǿ)
01FF	LATIN SMALL LETTER O WITH STROKE AND ACUTE (ǿ)
0200	LATIN CAPITAL LETTER A WITH DOUBLE GRAVE (Ȁ)
0201	LATIN SMALL LETTER A WITH DOUBLE GRAVE (ȁ)
0202	LATIN CAPITAL LETTER A WITH INVERTED BREVE (Ȃ)
0203	LATIN SMALL LETTER A WITH INVERTED BREVE (ȃ)
0204	LATIN CAPITAL LETTER E WITH DOUBLE GRAVE (Ȅ)
0205	LATIN SMALL LETTER E WITH DOUBLE GRAVE (ȅ)
0206	LATIN CAPITAL LETTER E WITH INVERTED BREVE (Ȇ)
0207	LATIN SMALL LETTER E WITH INVERTED BREVE (ȇ)
0208	LATIN CAPITAL LETTER I WITH DOUBLE GRAVE (Ȉ)
0209	LATIN SMALL LETTER I WITH DOUBLE GRAVE (ȉ)
020A	LATIN CAPITAL LETTER I WITH INVERTED BREVE (Ȋ)
020B	LATIN SMALL LETTER I WITH INVERTED BREVE (ȋ)
020C	LATIN CAPITAL LETTER O WITH DOUBLE GRAVE (Ȍ)
020D	LATIN SMALL LETTER O WITH DOUBLE GRAVE (ȍ)
020E	LATIN CAPITAL LETTER O WITH INVERTED BREVE (Ȏ)
020F	LATIN SMALL LETTER O WITH INVERTED BREVE (ȏ)
0210	LATIN CAPITAL LETTER R WITH DOUBLE GRAVE (Ȑ)
0211	LATIN SMALL LETTER R WITH DOUBLE GRAVE (ȑ)
0212	LATIN CAPITAL LETTER R WITH INVERTED BREVE (Ȓ)
0213	LATIN SMALL LETTER R WITH INVERTED BREVE (ȓ)
0214	LATIN CAPITAL LETTER U WITH DOUBLE GRAVE (Ȕ)
0215	LATIN SMALL LETTER U WITH DOUBLE GRAVE (ȕ)
0216	LATIN CAPITAL LETTER U WITH INVERTED BREVE (Ȗ)
0217	LATIN SMALL LETTER U WITH INVERTED BREVE (ȗ)
0218	LATIN CAPITAL LETTER S WITH COMMA BELOW (Ș)
0219	LATIN SMALL LETTER S WITH COMMA BELOW (ș)
021A	LATIN CAPITAL LETTER T WITH COMMA BELOW (Ț)
021B	LATIN SMALL LETTER T WITH COMMA BELOW (ț)
021C	LATIN CAPITAL LETTER YOGH (Ȝ)
021D	LATIN SMALL LETTER YOGH (ȝ)
021E	LATIN CAPITAL LETTER H WITH CARON (Ȟ)
021F	LATIN SMALL LETTER H WITH CARON (ȟ)
0220	LATIN CAPITAL LETTER N WITH LONG RIGHT LEG (Ƞ)
0221	LATIN SMALL LETTER D WITH CURL (ȡ)
0222	LATIN CAPITAL LETTER OU (Ȣ)
0223	LATIN SMALL LETTER OU (ȣ)
0224	LATIN CAPITAL LETTER Z WITH HOOK (Ȥ)
0225	LATIN SMALL LETTER Z WITH HOOK (ȥ)
0226	LATIN CAPITAL LETTER A WITH DOT ABOVE (Ȧ)
0227	LATIN SMALL LETTER A WITH DOT ABOVE (ȧ)
0228	LATIN CAPITAL LETTER E WITH CEDILLA (Ȩ)
0229	LATIN SMALL LETTER E WITH CEDILLA (ȩ)
022A	LATIN CAPITAL LETTER O WITH DIAERESIS AND MACRON (Ȫ)
022B	LATIN SMALL LETTER O WITH DIAERESIS AND MACRON (ȫ)
022C	LATIN CAPITAL LETTER O WITH TILDE AND MACRON (Ȭ)
022D	LATIN SMALL LETTER O WITH TILDE AND MACRON (ȭ)
022E	LATIN CAPITAL LETTER O WITH DOT ABOVE (Ȯ)
022F	LATIN SMALL LETTER O WITH DOT ABOVE (ȯ)
0230	LATIN CAPITAL LETTER O WITH DOT ABOVE AND MACRON (Ȱ)
0231	LATIN SMALL LETTER O WITH DOT ABOVE AND MACRON (ȱ)
0232	LATIN CAPITAL LETTER Y WITH MACRON (Ȳ)
0233	LATIN SMALL LETTER Y WITH MACRON (ȳ)
0234	LATIN SMALL LETTER L WITH CURL (ȴ)
0235	LATIN SMALL LETTER N WITH CURL (ȵ)
0236	LATIN SMALL LETTER T WITH CURL (ȶ)
0237	LATIN SMALL LETTER DOTLESS J (ȷ)
0238	LATIN SMALL LETTER DB DIGRAPH (ȸ)
0239	LATIN SMALL LETTER QP DIGRAPH (ȹ)
023A	LATIN CAPITAL LETTER A WITH STROKE (Ⱥ)
023B	LATIN CAPITAL LETTER C WITH STROKE (Ȼ)
023C	LATIN SMALL LETTER C WITH STROKE (ȼ)
023D	LATIN CAPITAL LETTER L WITH BAR (Ƚ)
023E	LATIN CAPITAL LETTER T WITH DIAGONAL STROKE (Ⱦ)
023F	LATIN SMALL LETTER S WITH SWASH TAIL (ȿ)
0240	LATIN SMALL LETTER Z WITH SWASH TAIL (ɀ)
0241	LATIN CAPITAL LETTER GLOTTAL STOP (Ɂ)
0242	LATIN SMALL LETTER GLOTTAL STOP (ɂ)
0243	LATIN CAPITAL LETTER B WITH STROKE (Ƀ)
0244	LATIN CAPITAL LETTER U BAR (Ʉ)
0245	LATIN CAPITAL LETTER TURNED V (Ʌ)
0246	LATIN CAPITAL LETTER E WITH STROKE (Ɇ)
0247	LATIN SMALL LETTER E WITH STROKE (ɇ)
0248	LATIN CAPITAL LETTER J WITH STROKE (Ɉ)
0249	LATIN SMALL LETTER J WITH STROKE (ɉ)
024A	LATIN CAPITAL LETTER SMALL Q WITH HOOK TAIL (Ɋ)
024B	LATIN SMALL LETTER Q WITH HOOK TAIL (ɋ)
024C	LATIN CAPITAL LETTER R WITH STROKE (Ɍ)
024D	LATIN SMALL LETTER R WITH STROKE (ɍ)
024E	LATIN CAPITAL LETTER Y WITH STROKE (Ɏ)
024F	LATIN SMALL LETTER Y WITH STROKE (ɏ)
02B0	MODIFIER LETTER SMALL H (ʰ)
02B1	MODIFIER LETTER SMALL H WITH HOOK (ʱ)
02B2	MODIFIER LETTER SMALL J (ʲ)
02B3	MODIFIER LETTER SMALL R (ʳ)
02B4	MODIFIER LETTER SMALL TURNED R (ʴ)
02B5	MODIFIER LETTER SMALL TURNED R WITH HOOK (ʵ)
02B6	MODIFIER LETTER SMALL CAPITAL INVERTED R (ʶ)
02B7	MODIFIER LETTER SMALL W (ʷ)
02B8	MODIFIER LETTER SMALL Y (ʸ)
02B9	MODIFIER LETTER PRIME (ʹ)
02BA	MODIFIER LETTER DOUBLE PRIME (ʺ)
02BB	MODIFIER LETTER TURNED COMMA (ʻ)
02BC	MODIFIER LETTER APOSTROPHE (ʼ)
02BD	MODIFIER LETTER REVERSED COMMA (ʽ)
02BE	MODIFIER LETTER RIGHT HALF RING (ʾ)
02BF	MODIFIER LETTER LEFT HALF RING (ʿ)
02C0	MODIFIER LETTER GLOTTAL STOP (ˀ)
02C1	MODIFIER LETTER REVERSED GLOTTAL STOP (ˁ)
02C2	MODIFIER LETTER LEFT ARROWHEAD (˂)
02C3	MODIFIER LETTER RIGHT ARROWHEAD (˃)
02C4	MODIFIER LETTER UP ARROWHEAD (˄)
02C5	MODIFIER LETTER DOWN ARROWHEAD (˅)
02C6	MODIFIER LETTER CIRCUMFLEX ACCENT (ˆ)
02C7	CARON (ˇ)
02C8	MODIFIER LETTER VERTICAL LINE (ˈ)
02C9	MODIFIER LETTER MACRON (ˉ)
02CA	MODIFIER LETTER ACUTE ACCENT (ˊ)
02CB	MODIFIER LETTER GRAVE ACCENT (ˋ)
02CC	MODIFIER LETTER LOW VERTICAL LINE (ˌ)
02CD	MODIFIER LETTER LOW MACRON (ˍ)
02CE	MODIFIER LETTER LOW GRAVE ACCENT (ˎ)
02CF	MODIFIER LETTER LOW ACUTE ACCENT (ˏ)
02D0	MODIFIER LETTER TRIANGULAR COLON (ː)
02D1	MODIFIER LETTER HALF TRIANGULAR COLON (ˑ)
02D2	MODIFIER LETTER CENTRED RIGHT HALF RING (˒)
02D3	MODIFIER LETTER CENTRED LEFT HALF RING (˓)
02D4	MODIFIER LETTER UP TACK (˔)
02D5	MODIFIER LETTER DOWN TACK (˕)
02D6	MODIFIER LETTER PLUS SIGN (˖)
02D7	MODIFIER LETTER MINUS SIGN (˗)
02D8	BREVE (˘)
02D9	DOT ABOVE (˙)
02DA	RING ABOVE (˚)
02DB	OGONEK (˛)
02DC	SMALL TILDE (˜)
02DD	DOUBLE ACUTE ACCENT (˝)
02DE	MODIFIER LETTER RHOTIC HOOK (˞)
02DF	MODIFIER LETTER CROSS ACCENT (˟)
02E0	MODIFIER LETTER SMALL GAMMA (ˠ)
02E1	MODIFIER LETTER SMALL L (ˡ)
02E2	MODIFIER LETTER SMALL S (ˢ)
02E3	MODIFIER LETTER SMALL X (ˣ)
02E4	MODIFIER LETTER SMALL REVERSED GLOTTAL STOP (ˤ)
02E5	MODIFIER LETTER EXTRA-HIGH TONE BAR (˥)
02E6	MODIFIER LETTER HIGH TONE BAR (˦)
02E7	MODIFIER LETTER MID TONE BAR (˧)
02E8	MODIFIER LETTER LOW TONE BAR (˨)
02E9	MODIFIER LETTER EXTRA-LOW TONE BAR (˩)
02EA	MODIFIER LETTER YIN DEPARTING TONE MARK (˪)
02EB	MODIFIER LETTER YANG DEPARTING TONE MARK (˫)
02EC	MODIFIER LETTER VOICING (ˬ)
02ED	MODIFIER LETTER UNASPIRATED (˭)
02EE	MODIFIER LETTER DOUBLE APOSTROPHE (ˮ)
02EF	MODIFIER LETTER LOW DOWN ARROWHEAD (˯)
02F0	MODIFIER LETTER LOW UP ARROWHEAD (˰)
02F1	MODIFIER LETTER LOW LEFT ARROWHEAD (˱)
02F2	MODIFIER LETTER LOW RIGHT ARROWHEAD (˲)
02F3	MODIFIER LETTER LOW RING (˳)
02F4	MODIFIER LETTER MIDDLE GRAVE ACCENT (˴)
02F5	MODIFIER LETTER MIDDLE DOUBLE GRAVE ACCENT (˵)
02F6	MODIFIER LETTER MIDDLE DOUBLE ACUTE ACCENT (˶)
02F7	MODIFIER LETTER LOW TILDE (˷)
02F8	MODIFIER LETTER RAISED COLON (˸)
02F9	MODIFIER LETTER BEGIN HIGH TONE (˹)
02FA	MODIFIER LETTER END HIGH TONE (˺)
02FB	MODIFIER LETTER BEGIN LOW TONE (˻)
02FC	MODIFIER LETTER END LOW TONE (˼)
02FD	MODIFIER LETTER SHELF (˽)
02FE	MODIFIER LETTER OPEN SHELF (˾)
02FF	MODIFIER LETTER LOW LEFT ARROW (˿)
ò	0300	GRAVE ACCENT
ó	0301	ACUTE ACCENT
ô	0302	CIRCUMFLEX ACCENT
õ	0303	TILDE
ō	0304	MACRON
o̅	0305	OVERLINE
ŏ	0306	BREVE
ȯ	0307	DOT ABOVE
ö	0308	DIAERESIS
ỏ	0309	HOOK ABOVE
o̊	030A	RING ABOVE
ő	030B	DOUBLE ACUTE ACCENT
ǒ	030C	CARON
o̍	030D	VERTICAL LINE ABOVE
o̎	030E	DOUBLE VERTICAL LINE ABOVE
ȍ	030F	DOUBLE GRAVE ACCENT
o̐	0310	CANDRABINDU
ȏ	0311	INVERTED BREVE
o̒	0312	TURNED COMMA ABOVE
o̓	0313	COMMA ABOVE
o̔	0314	REVERSED COMMA ABOVE
o̕	0315	COMMA ABOVE RIGHT
o̖	0316	GRAVE ACCENT BELOW
o̗	0317	ACUTE ACCENT BELOW
o̘	0318	LEFT TACK BELOW
o̙	0319	RIGHT TACK BELOW
o̚	031A	LEFT ANGLE ABOVE
ơ	031B	HORN
o̜	031C	LEFT HALF RING BELOW
o̝	031D	UP TACK BELOW
o̞	031E	DOWN TACK BELOW
o̟	031F	PLUS SIGN BELOW
o̠	0320	MINUS SIGN BELOW
o̡	0321	PALATALIZED HOOK BELOW
o̢	0322	RETROFLEX HOOK BELOW
ọ	0323	DOT BELOW
o̤	0324	DIAERESIS BELOW
o̥	0325	RING BELOW
o̦	0326	COMMA BELOW
o̧	0327	CEDILLA
ǫ	0328	OGONEK
o̩	0329	VERTICAL LINE BELOW
o̪	032A	BRIDGE BELOW
o̫	032B	INVERTED DOUBLE ARCH BELOW
o̬	032C	CARON BELOW
o̭	032D	CIRCUMFLEX ACCENT BELOW
o̮	032E	BREVE BELOW
o̯	032F	INVERTED BREVE BELOW
o̰	0330	TILDE BELOW
o̱	0331	MACRON BELOW
o̲	0332	LOW LINE
o̳	0333	DOUBLE LOW LINE
o̴	0334	TILDE OVERLAY
o̵	0335	SHORT STROKE OVERLAY
o̶	0336	LONG STROKE OVERLAY
o̷	0337	SHORT SOLIDUS OVERLAY
o̸	0338	LONG SOLIDUS OVERLAY
o̹	0339	RIGHT HALF RING BELOW
o̺	033A	INVERTED BRIDGE BELOW
o̻	033B	SQUARE BELOW
o̼	033C	SEAGULL BELOW
o̽	033D	X ABOVE
o̾	033E	VERTICAL TILDE
o̿	033F	DOUBLE OVERLINE
ò	0340	GRAVE TONE MARK
ó	0341	ACUTE TONE MARK
o͂	0342	GREEK PERISPOMENI (combined with theta)
o̓	0343	GREEK KORONIS (combined with theta)
ö́	0344	GREEK DIALYTIKA TONOS (combined with theta)
oͅ	0345	GREEK YPOGEGRAMMENI (combined with theta)
o͆	0346	BRIDGE ABOVE
o͇	0347	EQUALS SIGN BELOW
o͈	0348	DOUBLE VERTICAL LINE BELOW
o͉	0349	LEFT ANGLE BELOW
o͊	034A	NOT TILDE ABOVE
o͋	034B	HOMOTHETIC ABOVE
o͌	034C	ALMOST EQUAL TO ABOVE
o͍	034D	LEFT RIGHT ARROW BELOW
o͎	034E	UPWARDS ARROW BELOW
o͏	034F	GRAPHEME JOINER
o͐	0350	RIGHT ARROWHEAD ABOVE
o͑	0351	LEFT HALF RING ABOVE
o͒	0352	FERMATA
o͓	0353	X BELOW
o͔	0354	LEFT ARROWHEAD BELOW
o͕	0355	RIGHT ARROWHEAD BELOW
o͖	0356	RIGHT ARROWHEAD AND UP ARROWHEAD BELOW
o͗	0357	RIGHT HALF RING ABOVE
o͘	0358	DOT ABOVE RIGHT
o͙	0359	ASTERISK BELOW
o͚	035A	DOUBLE RING BELOW
o͛	035B	ZIGZAG ABOVE
͜o	035C	DOUBLE BREVE BELOW
͝o	035D	DOUBLE BREVE
͞o	035E	DOUBLE MACRON
͟o	035F	DOUBLE MACRON BELOW
͠o	0360	DOUBLE TILDE
͡o	0361	DOUBLE INVERTED BREVE
͢o	0362	DOUBLE RIGHTWARDS ARROW BELOW
oͣ	0363	LATIN SMALL LETTER A
oͤ	0364	LATIN SMALL LETTER E
oͥ	0365	LATIN SMALL LETTER I
oͦ	0366	LATIN SMALL LETTER O
oͧ	0367	LATIN SMALL LETTER U
oͨ	0368	LATIN SMALL LETTER C
oͩ	0369	LATIN SMALL LETTER D
oͪ	036A	LATIN SMALL LETTER H
oͫ	036B	LATIN SMALL LETTER M
oͬ	036C	LATIN SMALL LETTER R
oͭ	036D	LATIN SMALL LETTER T
oͮ	036E	LATIN SMALL LETTER V
oͯ	036F	LATIN SMALL LETTER X
0370	GREEK CAPITAL LETTER HETA (Ͱ)
0371	GREEK SMALL LETTER HETA (ͱ)
0372	GREEK CAPITAL LETTER ARCHAIC SAMPI (Ͳ)
0373	GREEK SMALL LETTER ARCHAIC SAMPI (ͳ)
0374	GREEK NUMERAL SIGN (ʹ)
0375	GREEK LOWER NUMERAL SIGN (͵)
0376	GREEK CAPITAL LETTER PAMPHYLIAN DIGAMMA (Ͷ)
0377	GREEK SMALL LETTER PAMPHYLIAN DIGAMMA (ͷ)
037A	GREEK YPOGEGRAMMENI (ͺ)
037B	GREEK SMALL REVERSED LUNATE SIGMA SYMBOL (ͻ)
037C	GREEK SMALL DOTTED LUNATE SIGMA SYMBOL (ͼ)
037D	GREEK SMALL REVERSED DOTTED LUNATE SIGMA SYMBOL (ͽ)
037E	GREEK QUESTION MARK (;)
0384	GREEK TONOS (΄)
0385	GREEK DIALYTIKA TONOS (΅)
0386	GREEK CAPITAL LETTER ALPHA WITH TONOS (Ά)
0387	GREEK ANO TELEIA (·)
0388	GREEK CAPITAL LETTER EPSILON WITH TONOS (Έ)
0389	GREEK CAPITAL LETTER ETA WITH TONOS (Ή)
038A	GREEK CAPITAL LETTER IOTA WITH TONOS (Ί)
038C	GREEK CAPITAL LETTER OMICRON WITH TONOS (Ό)
038E	GREEK CAPITAL LETTER UPSILON WITH TONOS (Ύ)
038F	GREEK CAPITAL LETTER OMEGA WITH TONOS (Ώ)
0390	GREEK SMALL LETTER IOTA WITH DIALYTIKA AND TONOS (ΐ)
0391	GREEK CAPITAL LETTER ALPHA (Α)
0392	GREEK CAPITAL LETTER BETA (Β)
0393	GREEK CAPITAL LETTER GAMMA (Γ)
0394	GREEK CAPITAL LETTER DELTA (Δ)
0395	GREEK CAPITAL LETTER EPSILON (Ε)
0396	GREEK CAPITAL LETTER ZETA (Ζ)
0397	GREEK CAPITAL LETTER ETA (Η)
0398	GREEK CAPITAL LETTER THETA (Θ)
0399	GREEK CAPITAL LETTER IOTA (Ι)
039A	GREEK CAPITAL LETTER KAPPA (Κ)
039B	GREEK CAPITAL LETTER LAMBDA (Λ)
039C	GREEK CAPITAL LETTER MU (Μ)
039D	GREEK CAPITAL LETTER NU (Ν)
039E	GREEK CAPITAL LETTER XI (Ξ)
039F	GREEK CAPITAL LETTER OMICRON (Ο)
03A0	GREEK CAPITAL LETTER PI (Π)
03A1	GREEK CAPITAL LETTER RHO (Ρ)
03A3	GREEK CAPITAL LETTER SIGMA (Σ)
03A4	GREEK CAPITAL LETTER TAU (Τ)
03A5	GREEK CAPITAL LETTER UPSILON (Υ)
03A6	GREEK CAPITAL LETTER PHI (Φ)
03A7	GREEK CAPITAL LETTER CHI (Χ)
03A8	GREEK CAPITAL LETTER PSI (Ψ)
03A9	GREEK CAPITAL LETTER OMEGA (Ω)
03AA	GREEK CAPITAL LETTER IOTA WITH DIALYTIKA (Ϊ)
03AB	GREEK CAPITAL LETTER UPSILON WITH DIALYTIKA (Ϋ)
03AC	GREEK SMALL LETTER ALPHA WITH TONOS (ά)
03AD	GREEK SMALL LETTER EPSILON WITH TONOS (έ)
03AE	GREEK SMALL LETTER ETA WITH TONOS (ή)
03AF	GREEK SMALL LETTER IOTA WITH TONOS (ί)
03B0	GREEK SMALL LETTER UPSILON WITH DIALYTIKA AND TONOS (ΰ)
03B1	GREEK SMALL LETTER ALPHA (α)
03B2	GREEK SMALL LETTER BETA (β)
03B3	GREEK SMALL LETTER GAMMA (γ)
03B4	GREEK SMALL LETTER DELTA (δ)
03B5	GREEK SMALL LETTER EPSILON (ε)
03B6	GREEK SMALL LETTER ZETA (ζ)
03B7	GREEK SMALL LETTER ETA (η)
03B8	GREEK SMALL LETTER THETA (θ)
03B9	GREEK SMALL LETTER IOTA (ι)
03BA	GREEK SMALL LETTER KAPPA (κ)
03BB	GREEK SMALL LETTER LAMBDA (λ)
03BC	GREEK SMALL LETTER MU (μ)
03BD	GREEK SMALL LETTER NU (ν)
03BE	GREEK SMALL LETTER XI (ξ)
03BF	GREEK SMALL LETTER OMICRON (ο)
03C0	GREEK SMALL LETTER PI (π)
03C1	GREEK SMALL LETTER RHO (ρ)
03C2	GREEK SMALL LETTER FINAL SIGMA (ς)
03C3	GREEK SMALL LETTER SIGMA (σ)
03C4	GREEK SMALL LETTER TAU (τ)
03C5	GREEK SMALL LETTER UPSILON (υ)
03C6	GREEK SMALL LETTER PHI (φ)
03C7	GREEK SMALL LETTER CHI (χ)
03C8	GREEK SMALL LETTER PSI (ψ)
03C9	GREEK SMALL LETTER OMEGA (ω)
03CA	GREEK SMALL LETTER IOTA WITH DIALYTIKA (ϊ)
03CB	GREEK SMALL LETTER UPSILON WITH DIALYTIKA (ϋ)
03CC	GREEK SMALL LETTER OMICRON WITH TONOS (ό)
03CD	GREEK SMALL LETTER UPSILON WITH TONOS (ύ)
03CE	GREEK SMALL LETTER OMEGA WITH TONOS (ώ)
03CF	GREEK CAPITAL KAI SYMBOL (Ϗ)
03D0	GREEK BETA SYMBOL (ϐ)
03D1	GREEK THETA SYMBOL (ϑ)
03D2	GREEK UPSILON WITH HOOK SYMBOL (ϒ)
03D3	GREEK UPSILON WITH ACUTE AND HOOK SYMBOL (ϓ)
03D4	GREEK UPSILON WITH DIAERESIS AND HOOK SYMBOL (ϔ)
03D5	GREEK PHI SYMBOL (ϕ)
03D6	GREEK PI SYMBOL (ϖ)
03D7	GREEK KAI SYMBOL (ϗ)
03D8	GREEK LETTER ARCHAIC KOPPA (Ϙ)
03D9	GREEK SMALL LETTER ARCHAIC KOPPA (ϙ)
03DA	GREEK LETTER STIGMA (Ϛ)
03DB	GREEK SMALL LETTER STIGMA (ϛ)
03DC	GREEK LETTER DIGAMMA (Ϝ)
03DD	GREEK SMALL LETTER DIGAMMA (ϝ)
03DE	GREEK LETTER KOPPA (Ϟ)
03DF	GREEK SMALL LETTER KOPPA (ϟ)
03E0	GREEK LETTER SAMPI (Ϡ)
03E1	GREEK SMALL LETTER SAMPI (ϡ)
03E2	COPTIC CAPITAL LETTER SHEI (Ϣ)
03E3	COPTIC SMALL LETTER SHEI (ϣ)
03E4	COPTIC CAPITAL LETTER FEI (Ϥ)
03E5	COPTIC SMALL LETTER FEI (ϥ)
03E6	COPTIC CAPITAL LETTER KHEI (Ϧ)
03E7	COPTIC SMALL LETTER KHEI (ϧ)
03E8	COPTIC CAPITAL LETTER HORI (Ϩ)
03E9	COPTIC SMALL LETTER HORI (ϩ)
03EA	COPTIC CAPITAL LETTER GANGIA (Ϫ)
03EB	COPTIC SMALL LETTER GANGIA (ϫ)
03EC	COPTIC CAPITAL LETTER SHIMA (Ϭ)
03ED	COPTIC SMALL LETTER SHIMA (ϭ)
03EE	COPTIC CAPITAL LETTER DEI (Ϯ)
03EF	COPTIC SMALL LETTER DEI (ϯ)
03F0	GREEK KAPPA SYMBOL (ϰ)
03F1	GREEK RHO SYMBOL (ϱ)
03F2	GREEK LUNATE SIGMA SYMBOL (ϲ)
03F3	GREEK LETTER YOT (ϳ)
03F4	GREEK CAPITAL THETA SYMBOL (ϴ)
03F5	GREEK LUNATE EPSILON SYMBOL (ϵ)
03F6	GREEK REVERSED LUNATE EPSILON SYMBOL (϶)
03F7	GREEK CAPITAL LETTER SHO (Ϸ)
03F8	GREEK SMALL LETTER SHO (ϸ)
03F9	GREEK CAPITAL LUNATE SIGMA SYMBOL (Ϲ)
03FA	GREEK CAPITAL LETTER SAN (Ϻ)
03FB	GREEK SMALL LETTER SAN (ϻ)
03FC	GREEK RHO WITH STROKE SYMBOL (ϼ)
03FD	GREEK CAPITAL REVERSED LUNATE SIGMA SYMBOL (Ͻ)
03FE	GREEK CAPITAL DOTTED LUNATE SIGMA SYMBOL (Ͼ)
03FF	GREEK CAPITAL REVERSED DOTTED LUNATE SIGMA SYMBOL (Ͽ)
0400	CYRILLIC CAPITAL LETTER IE WITH GRAVE (Ѐ)
0401	CYRILLIC CAPITAL LETTER IO (Ё)
0402	CYRILLIC CAPITAL LETTER DJE (Ђ)
0403	CYRILLIC CAPITAL LETTER GJE (Ѓ)
0404	CYRILLIC CAPITAL LETTER UKRAINIAN IE (Є)
0405	CYRILLIC CAPITAL LETTER DZE (Ѕ)
0406	CYRILLIC CAPITAL LETTER BYELORUSSIAN-UKRAINIAN I (І)
0407	CYRILLIC CAPITAL LETTER YI (Ї)
0408	CYRILLIC CAPITAL LETTER JE (Ј)
0409	CYRILLIC CAPITAL LETTER LJE (Љ)
040A	CYRILLIC CAPITAL LETTER NJE (Њ)
040B	CYRILLIC CAPITAL LETTER TSHE (Ћ)
040C	CYRILLIC CAPITAL LETTER KJE (Ќ)
040D	CYRILLIC CAPITAL LETTER I WITH GRAVE (Ѝ)
040E	CYRILLIC CAPITAL LETTER SHORT U (Ў)
040F	CYRILLIC CAPITAL LETTER DZHE (Џ)
0410	CYRILLIC CAPITAL LETTER A (А)
0411	CYRILLIC CAPITAL LETTER BE (Б)
0412	CYRILLIC CAPITAL LETTER VE (В)
0413	CYRILLIC CAPITAL LETTER GHE (Г)
0414	CYRILLIC CAPITAL LETTER DE (Д)
0415	CYRILLIC CAPITAL LETTER IE (Е)
0416	CYRILLIC CAPITAL LETTER ZHE (Ж)
0417	CYRILLIC CAPITAL LETTER ZE (З)
0418	CYRILLIC CAPITAL LETTER I (И)
0419	CYRILLIC CAPITAL LETTER SHORT I (Й)
041A	CYRILLIC CAPITAL LETTER KA (К)
041B	CYRILLIC CAPITAL LETTER EL (Л)
041C	CYRILLIC CAPITAL LETTER EM (М)
041D	CYRILLIC CAPITAL LETTER EN (Н)
041E	CYRILLIC CAPITAL LETTER O (О)
041F	CYRILLIC CAPITAL LETTER PE (П)
0420	CYRILLIC CAPITAL LETTER ER (Р)
0421	CYRILLIC CAPITAL LETTER ES (С)
0422	CYRILLIC CAPITAL LETTER TE (Т)
0423	CYRILLIC CAPITAL LETTER U (У)
0424	CYRILLIC CAPITAL LETTER EF (Ф)
0425	CYRILLIC CAPITAL LETTER HA (Х)
0426	CYRILLIC CAPITAL LETTER TSE (Ц)
0427	CYRILLIC CAPITAL LETTER CHE (Ч)
0428	CYRILLIC CAPITAL LETTER SHA (Ш)
0429	CYRILLIC CAPITAL LETTER SHCHA (Щ)
042A	CYRILLIC CAPITAL LETTER HARD SIGN (Ъ)
042B	CYRILLIC CAPITAL LETTER YERU (Ы)
042C	CYRILLIC CAPITAL LETTER SOFT SIGN (Ь)
042D	CYRILLIC CAPITAL LETTER E (Э)
042E	CYRILLIC CAPITAL LETTER YU (Ю)
042F	CYRILLIC CAPITAL LETTER YA (Я)
0430	CYRILLIC SMALL LETTER A (а)
0431	CYRILLIC SMALL LETTER BE (б)
0432	CYRILLIC SMALL LETTER VE (в)
0433	CYRILLIC SMALL LETTER GHE (г)
0434	CYRILLIC SMALL LETTER DE (д)
0435	CYRILLIC SMALL LETTER IE (е)
0436	CYRILLIC SMALL LETTER ZHE (ж)
0437	CYRILLIC SMALL LETTER ZE (з)
0438	CYRILLIC SMALL LETTER I (и)
0439	CYRILLIC SMALL LETTER SHORT I (й)
043A	CYRILLIC SMALL LETTER KA (к)
043B	CYRILLIC SMALL LETTER EL (л)
043C	CYRILLIC SMALL LETTER EM (м)
043D	CYRILLIC SMALL LETTER EN (н)
043E	CYRILLIC SMALL LETTER O (о)
043F	CYRILLIC SMALL LETTER PE (п)
0440	CYRILLIC SMALL LETTER ER (р)
0441	CYRILLIC SMALL LETTER ES (с)
0442	CYRILLIC SMALL LETTER TE (т)
0443	CYRILLIC SMALL LETTER U (у)
0444	CYRILLIC SMALL LETTER EF (ф)
0445	CYRILLIC SMALL LETTER HA (х)
0446	CYRILLIC SMALL LETTER TSE (ц)
0447	CYRILLIC SMALL LETTER CHE (ч)
0448	CYRILLIC SMALL LETTER SHA (ш)
0449	CYRILLIC SMALL LETTER SHCHA (щ)
044A	CYRILLIC SMALL LETTER HARD SIGN (ъ)
044B	CYRILLIC SMALL LETTER YERU (ы)
044C	CYRILLIC SMALL LETTER SOFT SIGN (ь)
044D	CYRILLIC SMALL LETTER E (э)
044E	CYRILLIC SMALL LETTER YU (ю)
044F	CYRILLIC SMALL LETTER YA (я)
0450	CYRILLIC SMALL LETTER IE WITH GRAVE (ѐ)
0451	CYRILLIC SMALL LETTER IO (ё)
0452	CYRILLIC SMALL LETTER DJE (ђ)
0453	CYRILLIC SMALL LETTER GJE (ѓ)
0454	CYRILLIC SMALL LETTER UKRAINIAN IE (є)
0455	CYRILLIC SMALL LETTER DZE (ѕ)
0456	CYRILLIC SMALL LETTER BYELORUSSIAN-UKRAINIAN I (і)
0457	CYRILLIC SMALL LETTER YI (ї)
0458	CYRILLIC SMALL LETTER JE (ј)
0459	CYRILLIC SMALL LETTER LJE (љ)
045A	CYRILLIC SMALL LETTER NJE (њ)
045B	CYRILLIC SMALL LETTER TSHE (ћ)
045C	CYRILLIC SMALL LETTER KJE (ќ)
045D	CYRILLIC SMALL LETTER I WITH GRAVE (ѝ)
045E	CYRILLIC SMALL LETTER SHORT U (ў)
045F	CYRILLIC SMALL LETTER DZHE (џ)
0460	CYRILLIC CAPITAL LETTER OMEGA (Ѡ)
0461	CYRILLIC SMALL LETTER OMEGA (ѡ)
0462	CYRILLIC CAPITAL LETTER YAT (Ѣ)
0463	CYRILLIC SMALL LETTER YAT (ѣ)
0464	CYRILLIC CAPITAL LETTER IOTIFIED E (Ѥ)
0465	CYRILLIC SMALL LETTER IOTIFIED E (ѥ)
0466	CYRILLIC CAPITAL LETTER LITTLE YUS (Ѧ)
0467	CYRILLIC SMALL LETTER LITTLE YUS (ѧ)
0468	CYRILLIC CAPITAL LETTER IOTIFIED LITTLE YUS (Ѩ)
0469	CYRILLIC SMALL LETTER IOTIFIED LITTLE YUS (ѩ)
046A	CYRILLIC CAPITAL LETTER BIG YUS (Ѫ)
046B	CYRILLIC SMALL LETTER BIG YUS (ѫ)
046C	CYRILLIC CAPITAL LETTER IOTIFIED BIG YUS (Ѭ)
046D	CYRILLIC SMALL LETTER IOTIFIED BIG YUS (ѭ)
046E	CYRILLIC CAPITAL LETTER KSI (Ѯ)
046F	CYRILLIC SMALL LETTER KSI (ѯ)
0470	CYRILLIC CAPITAL LETTER PSI (Ѱ)
0471	CYRILLIC SMALL LETTER PSI (ѱ)
0472	CYRILLIC CAPITAL LETTER FITA (Ѳ)
0473	CYRILLIC SMALL LETTER FITA (ѳ)
0474	CYRILLIC CAPITAL LETTER IZHITSA (Ѵ)
0475	CYRILLIC SMALL LETTER IZHITSA (ѵ)
0476	CYRILLIC CAPITAL LETTER IZHITSA WITH DOUBLE GRAVE ACCENT (Ѷ)
0477	CYRILLIC SMALL LETTER IZHITSA WITH DOUBLE GRAVE ACCENT (ѷ)
0478	CYRILLIC CAPITAL LETTER UK (Ѹ)
0479	CYRILLIC SMALL LETTER UK (ѹ)
047A	CYRILLIC CAPITAL LETTER ROUND OMEGA (Ѻ)
047B	CYRILLIC SMALL LETTER ROUND OMEGA (ѻ)
047C	CYRILLIC CAPITAL LETTER OMEGA WITH TITLO (Ѽ)
047D	CYRILLIC SMALL LETTER OMEGA WITH TITLO (ѽ)
047E	CYRILLIC CAPITAL LETTER OT (Ѿ)
047F	CYRILLIC SMALL LETTER OT (ѿ)
0480	CYRILLIC CAPITAL LETTER KOPPA (Ҁ)
0481	CYRILLIC SMALL LETTER KOPPA (ҁ)
0482	CYRILLIC THOUSANDS SIGN (҂)
о҃	0483	COMBINING CYRILLIC TITLO (combined with о)
о҄	0484	COMBINING CYRILLIC PALATALIZATION (combined with о)
о҅	0485	COMBINING CYRILLIC DASIA PNEUMATA (combined with о)
о҆	0486	COMBINING CYRILLIC PSILI PNEUMATA (combined with о)
о҇	0487	COMBINING CYRILLIC POKRYTIE (combined with о)
о҈	0488	COMBINING CYRILLIC HUNDRED THOUSANDS SIGN (combined with о)
о҉	0489	COMBINING CYRILLIC MILLIONS SIGN (combined with о)
048A	CYRILLIC CAPITAL LETTER SHORT I WITH TAIL (Ҋ)
048B	CYRILLIC SMALL LETTER SHORT I WITH TAIL (ҋ)
048C	CYRILLIC CAPITAL LETTER SEMISOFT SIGN (Ҍ)
048D	CYRILLIC SMALL LETTER SEMISOFT SIGN (ҍ)
048E	CYRILLIC CAPITAL LETTER ER WITH TICK (Ҏ)
048F	CYRILLIC SMALL LETTER ER WITH TICK (ҏ)
0490	CYRILLIC CAPITAL LETTER GHE WITH UPTURN (Ґ)
0491	CYRILLIC SMALL LETTER GHE WITH UPTURN (ґ)
0492	CYRILLIC CAPITAL LETTER GHE WITH STROKE (Ғ)
0493	CYRILLIC SMALL LETTER GHE WITH STROKE (ғ)
0494	CYRILLIC CAPITAL LETTER GHE WITH MIDDLE HOOK (Ҕ)
0495	CYRILLIC SMALL LETTER GHE WITH MIDDLE HOOK (ҕ)
0496	CYRILLIC CAPITAL LETTER ZHE WITH DESCENDER (Җ)
0497	CYRILLIC SMALL LETTER ZHE WITH DESCENDER (җ)
0498	CYRILLIC CAPITAL LETTER ZE WITH DESCENDER (Ҙ)
0499	CYRILLIC SMALL LETTER ZE WITH DESCENDER (ҙ)
049A	CYRILLIC CAPITAL LETTER KA WITH DESCENDER (Қ)
049B	CYRILLIC SMALL LETTER KA WITH DESCENDER (қ)
049C	CYRILLIC CAPITAL LETTER KA WITH VERTICAL STROKE (Ҝ)
049D	CYRILLIC SMALL LETTER KA WITH VERTICAL STROKE (ҝ)
049E	CYRILLIC CAPITAL LETTER KA WITH STROKE (Ҟ)
049F	CYRILLIC SMALL LETTER KA WITH STROKE (ҟ)
04A0	CYRILLIC CAPITAL LETTER BASHKIR KA (Ҡ)
04A1	CYRILLIC SMALL LETTER BASHKIR KA (ҡ)
04A2	CYRILLIC CAPITAL LETTER EN WITH DESCENDER (Ң)
04A3	CYRILLIC SMALL LETTER EN WITH DESCENDER (ң)
04A4	CYRILLIC CAPITAL LIGATURE EN GHE (Ҥ)
04A5	CYRILLIC SMALL LIGATURE EN GHE (ҥ)
04A6	CYRILLIC CAPITAL LETTER PE WITH MIDDLE HOOK (Ҧ)
04A7	CYRILLIC SMALL LETTER PE WITH MIDDLE HOOK (ҧ)
04A8	CYRILLIC CAPITAL LETTER ABKHASIAN HA (Ҩ)
04A9	CYRILLIC SMALL LETTER ABKHASIAN HA (ҩ)
04AA	CYRILLIC CAPITAL LETTER ES WITH DESCENDER (Ҫ)
04AB	CYRILLIC SMALL LETTER ES WITH DESCENDER (ҫ)
04AC	CYRILLIC CAPITAL LETTER TE WITH DESCENDER (Ҭ)
04AD	CYRILLIC SMALL LETTER TE WITH DESCENDER (ҭ)
04AE	CYRILLIC CAPITAL LETTER STRAIGHT U (Ү)
04AF	CYRILLIC SMALL LETTER STRAIGHT U (ү)
04B0	CYRILLIC CAPITAL LETTER STRAIGHT U WITH STROKE (Ұ)
04B1	CYRILLIC SMALL LETTER STRAIGHT U WITH STROKE (ұ)
04B2	CYRILLIC CAPITAL LETTER HA WITH DESCENDER (Ҳ)
04B3	CYRILLIC SMALL LETTER HA WITH DESCENDER (ҳ)
04B4	CYRILLIC CAPITAL LIGATURE TE TSE (Ҵ)
04B5	CYRILLIC SMALL LIGATURE TE TSE (ҵ)
04B6	CYRILLIC CAPITAL LETTER CHE WITH DESCENDER (Ҷ)
04B7	CYRILLIC SMALL LETTER CHE WITH DESCENDER (ҷ)
04B8	CYRILLIC CAPITAL LETTER CHE WITH VERTICAL STROKE (Ҹ)
04B9	CYRILLIC SMALL LETTER CHE WITH VERTICAL STROKE (ҹ)
04BA	CYRILLIC CAPITAL LETTER SHHA (Һ)
04BB	CYRILLIC SMALL LETTER SHHA (һ)
04BC	CYRILLIC CAPITAL LETTER ABKHASIAN CHE (Ҽ)
04BD	CYRILLIC SMALL LETTER ABKHASIAN CHE (ҽ)
04BE	CYRILLIC CAPITAL LETTER ABKHASIAN CHE WITH DESCENDER (Ҿ)
04BF	CYRILLIC SMALL LETTER ABKHASIAN CHE WITH DESCENDER (ҿ)
04C0	CYRILLIC LETTER PALOCHKA (Ӏ)
04C1	CYRILLIC CAPITAL LETTER ZHE WITH BREVE (Ӂ)
04C2	CYRILLIC SMALL LETTER ZHE WITH BREVE (ӂ)
04C3	CYRILLIC CAPITAL LETTER KA WITH HOOK (Ӄ)
04C4	CYRILLIC SMALL LETTER KA WITH HOOK (ӄ)
04C5	CYRILLIC CAPITAL LETTER EL WITH TAIL (Ӆ)
04C6	CYRILLIC SMALL LETTER EL WITH TAIL (ӆ)
04C7	CYRILLIC CAPITAL LETTER EN WITH HOOK (Ӈ)
04C8	CYRILLIC SMALL LETTER EN WITH HOOK (ӈ)
04C9	CYRILLIC CAPITAL LETTER EN WITH TAIL (Ӊ)
04CA	CYRILLIC SMALL LETTER EN WITH TAIL (ӊ)
04CB	CYRILLIC CAPITAL LETTER KHAKASSIAN CHE (Ӌ)
04CC	CYRILLIC SMALL LETTER KHAKASSIAN CHE (ӌ)
04CD	CYRILLIC CAPITAL LETTER EM WITH TAIL (Ӎ)
04CE	CYRILLIC SMALL LETTER EM WITH TAIL (ӎ)
04CF	CYRILLIC SMALL LETTER PALOCHKA (ӏ)
04D0	CYRILLIC CAPITAL LETTER A WITH BREVE (Ӑ)
04D1	CYRILLIC SMALL LETTER A WITH BREVE (ӑ)
04D2	CYRILLIC CAPITAL LETTER A WITH DIAERESIS (Ӓ)
04D3	CYRILLIC SMALL LETTER A WITH DIAERESIS (ӓ)
04D4	CYRILLIC CAPITAL LIGATURE A IE (Ӕ)
04D5	CYRILLIC SMALL LIGATURE A IE (ӕ)
04D6	CYRILLIC CAPITAL LETTER IE WITH BREVE (Ӗ)
04D7	CYRILLIC SMALL LETTER IE WITH BREVE (ӗ)
04D8	CYRILLIC CAPITAL LETTER SCHWA (Ә)
04D9	CYRILLIC SMALL LETTER SCHWA (ә)
04DA	CYRILLIC CAPITAL LETTER SCHWA WITH DIAERESIS (Ӛ)
04DB	CYRILLIC SMALL LETTER SCHWA WITH DIAERESIS (ӛ)
04DC	CYRILLIC CAPITAL LETTER ZHE WITH DIAERESIS (Ӝ)
04DD	CYRILLIC SMALL LETTER ZHE WITH DIAERESIS (ӝ)
04DE	CYRILLIC CAPITAL LETTER ZE WITH DIAERESIS (Ӟ)
04DF	CYRILLIC SMALL LETTER ZE WITH DIAERESIS (ӟ)
04E0	CYRILLIC CAPITAL LETTER ABKHASIAN DZE (Ӡ)
04E1	CYRILLIC SMALL LETTER ABKHASIAN DZE (ӡ)
04E2	CYRILLIC CAPITAL LETTER I WITH MACRON (Ӣ)
04E3	CYRILLIC SMALL LETTER I WITH MACRON (ӣ)
04E4	CYRILLIC CAPITAL LETTER I WITH DIAERESIS (Ӥ)
04E5	CYRILLIC SMALL LETTER I WITH DIAERESIS (ӥ)
04E6	CYRILLIC CAPITAL LETTER O WITH DIAERESIS (Ӧ)
04E7	CYRILLIC SMALL LETTER O WITH DIAERESIS (ӧ)
04E8	CYRILLIC CAPITAL LETTER BARRED O (Ө)
04E9	CYRILLIC SMALL LETTER BARRED O (ө)
04EA	CYRILLIC CAPITAL LETTER BARRED O WITH DIAERESIS (Ӫ)
04EB	CYRILLIC SMALL LETTER BARRED O WITH DIAERESIS (ӫ)
04EC	CYRILLIC CAPITAL LETTER E WITH DIAERESIS (Ӭ)
04ED	CYRILLIC SMALL LETTER E WITH DIAERESIS (ӭ)
04EE	CYRILLIC CAPITAL LETTER U WITH MACRON (Ӯ)
04EF	CYRILLIC SMALL LETTER U WITH MACRON (ӯ)
04F0	CYRILLIC CAPITAL LETTER U WITH DIAERESIS (Ӱ)
04F1	CYRILLIC SMALL LETTER U WITH DIAERESIS (ӱ)
04F2	CYRILLIC CAPITAL LETTER U WITH DOUBLE ACUTE (Ӳ)
04F3	CYRILLIC SMALL LETTER U WITH DOUBLE ACUTE (ӳ)
04F4	CYRILLIC CAPITAL LETTER CHE WITH DIAERESIS (Ӵ)
04F5	CYRILLIC SMALL LETTER CHE WITH DIAERESIS (ӵ)
04F6	CYRILLIC CAPITAL LETTER GHE WITH DESCENDER (Ӷ)
04F7	CYRILLIC SMALL LETTER GHE WITH DESCENDER (ӷ)
04F8	CYRILLIC CAPITAL LETTER YERU WITH DIAERESIS (Ӹ)
04F9	CYRILLIC SMALL LETTER YERU WITH DIAERESIS (ӹ)
04FA	CYRILLIC CAPITAL LETTER GHE WITH STROKE AND HOOK (Ӻ)
04FB	CYRILLIC SMALL LETTER GHE WITH STROKE AND HOOK (ӻ)
04FC	CYRILLIC CAPITAL LETTER HA WITH HOOK (Ӽ)
04FD	CYRILLIC SMALL LETTER HA WITH HOOK (ӽ)
04FE	CYRILLIC CAPITAL LETTER HA WITH STROKE (Ӿ)
04FF	CYRILLIC SMALL LETTER HA WITH STROKE (ӿ)
0500	CYRILLIC CAPITAL LETTER KOMI DE (Ԁ)
0501	CYRILLIC SMALL LETTER KOMI DE (ԁ)
0502	CYRILLIC CAPITAL LETTER KOMI DJE (Ԃ)
0503	CYRILLIC SMALL LETTER KOMI DJE (ԃ)
0504	CYRILLIC CAPITAL LETTER KOMI ZJE (Ԅ)
0505	CYRILLIC SMALL LETTER KOMI ZJE (ԅ)
0506	CYRILLIC CAPITAL LETTER KOMI DZJE (Ԇ)
0507	CYRILLIC SMALL LETTER KOMI DZJE (ԇ)
0508	CYRILLIC CAPITAL LETTER KOMI LJE (Ԉ)
0509	CYRILLIC SMALL LETTER KOMI LJE (ԉ)
050A	CYRILLIC CAPITAL LETTER KOMI NJE (Ԋ)
050B	CYRILLIC SMALL LETTER KOMI NJE (ԋ)
050C	CYRILLIC CAPITAL LETTER KOMI SJE (Ԍ)
050D	CYRILLIC SMALL LETTER KOMI SJE (ԍ)
050E	CYRILLIC CAPITAL LETTER KOMI TJE (Ԏ)
050F	CYRILLIC SMALL LETTER KOMI TJE (ԏ)
0514	CYRILLIC CAPITAL LETTER LHA (Ԕ)
0515	CYRILLIC SMALL LETTER LHA (ԕ)
0516	CYRILLIC CAPITAL LETTER RHA (Ԗ)
0517	CYRILLIC SMALL LETTER RHA (ԗ)
0518	CYRILLIC CAPITAL LETTER YAE (Ԙ)
0519	CYRILLIC SMALL LETTER YAE (ԙ)
051A	CYRILLIC CAPITAL LETTER QA (Ԛ)
051B	CYRILLIC SMALL LETTER QA (ԛ)
051C	CYRILLIC CAPITAL LETTER WE (Ԝ)
051D	CYRILLIC SMALL LETTER WE (ԝ)
051E	CYRILLIC CAPITAL LETTER ALEUT KA (Ԟ)
051F	CYRILLIC SMALL LETTER ALEUT KA (ԟ)
0520	CYRILLIC CAPITAL LETTER EL WITH MIDDLE HOOK (Ԡ)
0521	CYRILLIC SMALL LETTER EL WITH MIDDLE HOOK (ԡ)
0522	CYRILLIC CAPITAL LETTER EN WITH MIDDLE HOOK (Ԣ)
0523	CYRILLIC SMALL LETTER EN WITH MIDDLE HOOK (ԣ)
0524	CYRILLIC CAPITAL LETTER PE WITH DESCENDER (Ԥ)
0525	CYRILLIC SMALL LETTER PE WITH DESCENDER (ԥ)
0526	CYRILLIC CAPITAL LETTER SHHA WITH DESCENDER (Ԧ)
0527	CYRILLIC SMALL LETTER SHHA WITH DESCENDER (ԧ)
Ԩ	0528
ԩ	0529
Ԫ	052A
ԫ	052B
Ԭ	052C
ԭ	052D
Ԯ	052E
ԯ	052F
2000	EN QUAD ( )
2001	EM QUAD ( )
2002	EN SPACE ( )
2003	EM SPACE ( )
2004	THREE-PER-EM SPACE ( )
2005	FOUR-PER-EM SPACE ( )
2006	SIX-PER-EM SPACE ( )
2007	FIGURE SPACE ( )
2008	PUNCTUATION SPACE ( )
2009	THIN SPACE ( )
200A	HAIR SPACE ( )
200B	ZERO WIDTH SPACE (​)
200C	ZERO WIDTH NON-JOINER (‌)
200D	ZERO WIDTH JOINER (‍)
200E	LEFT-TO-RIGHT MARK (‎)
200F	RIGHT-TO-LEFT MARK (‏)
2010	HYPHEN (‐)
2011	NON-BREAKING HYPHEN (‑)
2012	FIGURE DASH (‒)
2013	EN DASH (–)
2014	EM DASH (—)
2015	HORIZONTAL BAR (―)
2016	DOUBLE VERTICAL LINE (‖)
2017	DOUBLE LOW LINE (‗)
2018	LEFT SINGLE QUOTATION MARK (‘)
2019	RIGHT SINGLE QUOTATION MARK (’)
201A	SINGLE LOW-9 QUOTATION MARK (‚)
201B	SINGLE HIGH-REVERSED-9 QUOTATION MARK (‛)
201C	LEFT DOUBLE QUOTATION MARK (“)
201D	RIGHT DOUBLE QUOTATION MARK (”)
201E	DOUBLE LOW-9 QUOTATION MARK („)
201F	DOUBLE HIGH-REVERSED-9 QUOTATION MARK (‟)
2020	DAGGER (†)
2021	DOUBLE DAGGER (‡)
2022	BULLET (•)
2023	TRIANGULAR BULLET (‣)
2024	ONE DOT LEADER (․)
2025	TWO DOT LEADER (‥)
2026	HORIZONTAL ELLIPSIS (…)
2027	HYPHENATION POINT (‧)
 	2028	LINE SEPARATOR
\00]
	2029	PARAGRAPH SEPARATOR
202A	LEFT-TO-RIGHT EMBEDDING (‪)
202B	RIGHT-TO-LEFT EMBEDDING (‫)
202C	POP DIRECTIONAL FORMATTING (‬)
202D	LEFT-TO-RIGHT OVERRIDE (‭)
202E	RIGHT-TO-LEFT OVERRIDE (‮)
202F	NARROW NON-BREAK SPACE ( )
2030	PER MILLE SIGN (‰)
2031	PER TEN THOUSAND SIGN (‱)
2032	PRIME (′)
2033	DOUBLE PRIME (″)
2034	TRIPLE PRIME (‴)
2035	REVERSED PRIME (‵)
2036	REVERSED DOUBLE PRIME (‶)
2037	REVERSED TRIPLE PRIME (‷)
2038	CARET (‸)
2039	SINGLE LEFT-POINTING ANGLE QUOTATION MARK (‹)
203A	SINGLE RIGHT-POINTING ANGLE QUOTATION MARK (›)
203B	REFERENCE MARK (※)
203C	DOUBLE EXCLAMATION MARK (‼)
203D	INTERROBANG (‽)
203E	OVERLINE (‾)
203F	UNDERTIE (‿)
2040	CHARACTER TIE (⁀)
2041	CARET INSERTION POINT (⁁)
2042	ASTERISM (⁂)
2043	HYPHEN BULLET (⁃)
2044	FRACTION SLASH (⁄)
2045	LEFT SQUARE BRACKET WITH QUILL (⁅)
2046	RIGHT SQUARE BRACKET WITH QUILL (⁆)
2047	DOUBLE QUESTION MARK (⁇)
2048	QUESTION EXCLAMATION MARK (⁈)
2049	EXCLAMATION QUESTION MARK (⁉)
204A	TIRONIAN SIGN ET (⁊)
204B	REVERSED PILCROW SIGN (⁋)
204C	BLACK LEFTWARDS BULLET (⁌)
204D	BLACK RIGHTWARDS BULLET (⁍)
204E	LOW ASTERISK (⁎)
204F	REVERSED SEMICOLON (⁏)
2050	CLOSE UP (⁐)
2051	TWO ASTERISKS ALIGNED VERTICALLY (⁑)
2052	COMMERCIAL MINUS SIGN (⁒)
2053	SWUNG DASH (⁓)
2054	INVERTED UNDERTIE (⁔)
2055	FLOWER PUNCTUATION MARK (⁕)
2056	THREE DOT PUNCTUATION (⁖)
2057	QUADRUPLE PRIME (⁗)
2058	FOUR DOT PUNCTUATION (⁘)
2059	FIVE DOT PUNCTUATION (⁙)
205A	TWO DOT PUNCTUATION (⁚)
205B	FOUR DOT MARK (⁛)
205C	DOTTED CROSS (⁜)
205D	TRICOLON (⁝)
205E	VERTICAL FOUR DOTS (⁞)
205F	MEDIUM MATHEMATICAL SPACE ( )
2060	WORD JOINER (⁠)
2061	FUNCTION APPLICATION (⁡)
2062	INVISIBLE TIMES (⁢)
2063	INVISIBLE SEPARATOR (⁣)
2064	INVISIBLE PLUS (⁤)
2066	LEFT-TO-RIGHT ISOLATE (⁦)
2067	RIGHT-TO-LEFT ISOLATE (⁧)
2068	FIRST STRONG ISOLATE (⁨)
2069	POP DIRECTIONAL ISOLATE (⁩)
206A	INHIBIT SYMMETRIC SWAPPING (⁪)
206B	ACTIVATE SYMMETRIC SWAPPING (⁫)
206C	INHIBIT ARABIC FORM SHAPING (⁬)
206D	ACTIVATE ARABIC FORM SHAPING (⁭)
206E	NATIONAL DIGIT SHAPES (⁮)
206F	NOMINAL DIGIT SHAPES (⁯)
20A0	EURO-CURRENCY SIGN (₠)
20A1	COLON SIGN (₡)
20A2	CRUZEIRO SIGN (₢)
20A3	FRENCH FRANC SIGN (₣)
20A4	LIRA SIGN (₤)
20A5	MILL SIGN (₥)
20A6	NAIRA SIGN (₦)
20A7	PESETA SIGN (₧)
20A8	RUPEE SIGN (₨)
20A9	WON SIGN (₩)
20AA	NEW SHEQEL SIGN (₪)
20AB	DONG SIGN (₫)
20AC	EURO SIGN (€)
20AD	KIP SIGN (₭)
20AE	TUGRIK SIGN (₮)
20AF	DRACHMA SIGN (₯)
20B0	GERMAN PENNY SYMBOL (₰)
20B1	PESO SIGN (₱)
20B2	GUARANI SIGN (₲)
20B3	AUSTRAL SIGN (₳)
20B4	HRYVNIA SIGN (₴)
20B5	CEDI SIGN (₵)
20B6	LIVRE TOURNOIS SIGN (₶)
20B7	SPESMILO SIGN (₷)
20B8	TENGE SIGN (₸)
20B9	INDIAN RUPEE SIGN (₹)
2100	ACCOUNT OF (℀)
2101	ADDRESSED TO THE SUBJECT (℁)
2102	DOUBLE-STRUCK CAPITAL C (ℂ)
2103	DEGREE CELSIUS (℃)
2104	CENTRE LINE SYMBOL (℄)
2105	CARE OF (℅)
2106	CADA UNA (℆)
2107	EULER CONSTANT (ℇ)
2108	SCRUPLE (℈)
2109	DEGREE FAHRENHEIT (℉)
210A	SCRIPT SMALL G (ℊ)
210B	SCRIPT CAPITAL H (ℋ)
210C	BLACK-LETTER CAPITAL H (ℌ)
210D	DOUBLE-STRUCK CAPITAL H (ℍ)
210E	PLANCK CONSTANT (ℎ)
210F	PLANCK CONSTANT OVER TWO PI (ℏ)
2110	SCRIPT CAPITAL I (ℐ)
2111	BLACK-LETTER CAPITAL I (ℑ)
2112	SCRIPT CAPITAL L (ℒ)
2113	SCRIPT SMALL L (ℓ)
2114	L B BAR SYMBOL (℔)
2115	DOUBLE-STRUCK CAPITAL N (ℕ)
2116	NUMERO SIGN (№)
2117	SOUND RECORDING COPYRIGHT (℗)
2118	SCRIPT CAPITAL P (℘)
2119	DOUBLE-STRUCK CAPITAL P (ℙ)
211A	DOUBLE-STRUCK CAPITAL Q (ℚ)
211B	SCRIPT CAPITAL R (ℛ)
211C	BLACK-LETTER CAPITAL R (ℜ)
211D	DOUBLE-STRUCK CAPITAL R (ℝ)
211E	PRESCRIPTION TAKE (℞)
211F	RESPONSE (℟)
2120	SERVICE MARK (℠)
2121	TELEPHONE SIGN (℡)
2122	TRADE MARK SIGN (™)
2123	VERSICLE (℣)
2124	DOUBLE-STRUCK CAPITAL Z (ℤ)
2125	OUNCE SIGN (℥)
2126	OHM SIGN (Ω)
2127	INVERTED OHM SIGN (℧)
2128	BLACK-LETTER CAPITAL Z (ℨ)
2129	TURNED GREEK SMALL LETTER IOTA (℩)
212A	KELVIN SIGN (K)
212B	ANGSTROM SIGN (Å)
212C	SCRIPT CAPITAL B (ℬ)
212D	BLACK-LETTER CAPITAL C (ℭ)
212E	ESTIMATED SYMBOL (℮)
212F	SCRIPT SMALL E (ℯ)
2130	SCRIPT CAPITAL E (ℰ)
2131	SCRIPT CAPITAL F (ℱ)
2132	TURNED CAPITAL F (Ⅎ)
2133	SCRIPT CAPITAL M (ℳ)
2134	SCRIPT SMALL O (ℴ)
2135	ALEF SYMBOL (ℵ)
2136	BET SYMBOL (ℶ)
2137	GIMEL SYMBOL (ℷ)
2138	DALET SYMBOL (ℸ)
2139	INFORMATION SOURCE (ℹ)
213A	ROTATED CAPITAL Q (℺)
213B	FACSIMILE SIGN (℻)
213C	DOUBLE-STRUCK SMALL PI (ℼ)
213D	DOUBLE-STRUCK SMALL GAMMA (ℽ)
213E	DOUBLE-STRUCK CAPITAL GAMMA (ℾ)
213F	DOUBLE-STRUCK CAPITAL PI (ℿ)
2140	DOUBLE-STRUCK N-ARY SUMMATION (⅀)
2141	TURNED SANS-SERIF CAPITAL G (⅁)
2142	TURNED SANS-SERIF CAPITAL L (⅂)
2143	REVERSED SANS-SERIF CAPITAL L (⅃)
2144	TURNED SANS-SERIF CAPITAL Y (⅄)
2145	DOUBLE-STRUCK ITALIC CAPITAL D (ⅅ)
2146	DOUBLE-STRUCK ITALIC SMALL D (ⅆ)
2147	DOUBLE-STRUCK ITALIC SMALL E (ⅇ)
2148	DOUBLE-STRUCK ITALIC SMALL I (ⅈ)
2149	DOUBLE-STRUCK ITALIC SMALL J (ⅉ)
214A	PROPERTY LINE (⅊)
214B	TURNED AMPERSAND (⅋)
214C	PER SIGN (⅌)
214D	AKTIESELSKAB (⅍)
214E	TURNED SMALL F (ⅎ)
214F	SYMBOL FOR SAMARITAN SOURCE (⅏)
2190	LEFTWARDS ARROW (←)
2191	UPWARDS ARROW (↑)
2192	RIGHTWARDS ARROW (→)
2193	DOWNWARDS ARROW (↓)
2194	LEFT RIGHT ARROW (↔)
2195	UP DOWN ARROW (↕)
2196	NORTH WEST ARROW (↖)
2197	NORTH EAST ARROW (↗)
2198	SOUTH EAST ARROW (↘)
2199	SOUTH WEST ARROW (↙)
219A	LEFTWARDS ARROW WITH STROKE (↚)
219B	RIGHTWARDS ARROW WITH STROKE (↛)
219C	LEFTWARDS WAVE ARROW (↜)
219D	RIGHTWARDS WAVE ARROW (↝)
219E	LEFTWARDS TWO HEADED ARROW (↞)
219F	UPWARDS TWO HEADED ARROW (↟)
21A0	RIGHTWARDS TWO HEADED ARROW (↠)
21A1	DOWNWARDS TWO HEADED ARROW (↡)
21A2	LEFTWARDS ARROW WITH TAIL (↢)
21A3	RIGHTWARDS ARROW WITH TAIL (↣)
21A4	LEFTWARDS ARROW FROM BAR (↤)
21A5	UPWARDS ARROW FROM BAR (↥)
21A6	RIGHTWARDS ARROW FROM BAR (↦)
21A7	DOWNWARDS ARROW FROM BAR (↧)
21A8	UP DOWN ARROW WITH BASE (↨)
21A9	LEFTWARDS ARROW WITH HOOK (↩)
21AA	RIGHTWARDS ARROW WITH HOOK (↪)
21AB	LEFTWARDS ARROW WITH LOOP (↫)
21AC	RIGHTWARDS ARROW WITH LOOP (↬)
21AD	LEFT RIGHT WAVE ARROW (↭)
21AE	LEFT RIGHT ARROW WITH STROKE (↮)
21AF	DOWNWARDS ZIGZAG ARROW (↯)
21B0	UPWARDS ARROW WITH TIP LEFTWARDS (↰)
21B1	UPWARDS ARROW WITH TIP RIGHTWARDS (↱)
21B2	DOWNWARDS ARROW WITH TIP LEFTWARDS (↲)
21B3	DOWNWARDS ARROW WITH TIP RIGHTWARDS (↳)
21B4	RIGHTWARDS ARROW WITH CORNER DOWNWARDS (↴)
21B5	DOWNWARDS ARROW WITH CORNER LEFTWARDS (↵)
21B6	ANTICLOCKWISE TOP SEMICIRCLE ARROW (↶)
21B7	CLOCKWISE TOP SEMICIRCLE ARROW (↷)
21B8	NORTH WEST ARROW TO LONG BAR (↸)
21B9	LEFTWARDS ARROW TO BAR OVER RIGHTWARDS ARROW TO BAR (↹)
21BA	ANTICLOCKWISE OPEN CIRCLE ARROW (↺)
21BB	CLOCKWISE OPEN CIRCLE ARROW (↻)
21BC	LEFTWARDS HARPOON WITH BARB UPWARDS (↼)
21BD	LEFTWARDS HARPOON WITH BARB DOWNWARDS (↽)
21BE	UPWARDS HARPOON WITH BARB RIGHTWARDS (↾)
21BF	UPWARDS HARPOON WITH BARB LEFTWARDS (↿)
21C0	RIGHTWARDS HARPOON WITH BARB UPWARDS (⇀)
21C1	RIGHTWARDS HARPOON WITH BARB DOWNWARDS (⇁)
21C2	DOWNWARDS HARPOON WITH BARB RIGHTWARDS (⇂)
21C3	DOWNWARDS HARPOON WITH BARB LEFTWARDS (⇃)
21C4	RIGHTWARDS ARROW OVER LEFTWARDS ARROW (⇄)
21C5	UPWARDS ARROW LEFTWARDS OF DOWNWARDS ARROW (⇅)
21C6	LEFTWARDS ARROW OVER RIGHTWARDS ARROW (⇆)
21C7	LEFTWARDS PAIRED ARROWS (⇇)
21C8	UPWARDS PAIRED ARROWS (⇈)
21C9	RIGHTWARDS PAIRED ARROWS (⇉)
21CA	DOWNWARDS PAIRED ARROWS (⇊)
21CB	LEFTWARDS HARPOON OVER RIGHTWARDS HARPOON (⇋)
21CC	RIGHTWARDS HARPOON OVER LEFTWARDS HARPOON (⇌)
21CD	LEFTWARDS DOUBLE ARROW WITH STROKE (⇍)
21CE	LEFT RIGHT DOUBLE ARROW WITH STROKE (⇎)
21CF	RIGHTWARDS DOUBLE ARROW WITH STROKE (⇏)
21D0	LEFTWARDS DOUBLE ARROW (⇐)
21D1	UPWARDS DOUBLE ARROW (⇑)
21D2	RIGHTWARDS DOUBLE ARROW (⇒)
21D3	DOWNWARDS DOUBLE ARROW (⇓)
21D4	LEFT RIGHT DOUBLE ARROW (⇔)
21D5	UP DOWN DOUBLE ARROW (⇕)
21D6	NORTH WEST DOUBLE ARROW (⇖)
21D7	NORTH EAST DOUBLE ARROW (⇗)
21D8	SOUTH EAST DOUBLE ARROW (⇘)
21D9	SOUTH WEST DOUBLE ARROW (⇙)
21DA	LEFTWARDS TRIPLE ARROW (⇚)
21DB	RIGHTWARDS TRIPLE ARROW (⇛)
21DC	LEFTWARDS SQUIGGLE ARROW (⇜)
21DD	RIGHTWARDS SQUIGGLE ARROW (⇝)
21DE	UPWARDS ARROW WITH DOUBLE STROKE (⇞)
21DF	DOWNWARDS ARROW WITH DOUBLE STROKE (⇟)
21E0	LEFTWARDS DASHED ARROW (⇠)
21E1	UPWARDS DASHED ARROW (⇡)
21E2	RIGHTWARDS DASHED ARROW (⇢)
21E3	DOWNWARDS DASHED ARROW (⇣)
21E4	LEFTWARDS ARROW TO BAR (⇤)
21E5	RIGHTWARDS ARROW TO BAR (⇥)
21E6	LEFTWARDS WHITE ARROW (⇦)
21E7	UPWARDS WHITE ARROW (⇧)
21E8	RIGHTWARDS WHITE ARROW (⇨)
21E9	DOWNWARDS WHITE ARROW (⇩)
21EA	UPWARDS WHITE ARROW FROM BAR (⇪)
21EB	UPWARDS WHITE ARROW ON PEDESTAL (⇫)
21EC	UPWARDS WHITE ARROW ON PEDESTAL WITH HORIZONTAL BAR (⇬)
21ED	UPWARDS WHITE ARROW ON PEDESTAL WITH VERTICAL BAR (⇭)
21EE	UPWARDS WHITE DOUBLE ARROW (⇮)
21EF	UPWARDS WHITE DOUBLE ARROW ON PEDESTAL (⇯)
21F0	RIGHTWARDS WHITE ARROW FROM WALL (⇰)
21F1	NORTH WEST ARROW TO CORNER (⇱)
21F2	SOUTH EAST ARROW TO CORNER (⇲)
21F3	UP DOWN WHITE ARROW (⇳)
21F4	RIGHT ARROW WITH SMALL CIRCLE (⇴)
21F5	DOWNWARDS ARROW LEFTWARDS OF UPWARDS ARROW (⇵)
21F6	THREE RIGHTWARDS ARROWS (⇶)
21F7	LEFTWARDS ARROW WITH VERTICAL STROKE (⇷)
21F8	RIGHTWARDS ARROW WITH VERTICAL STROKE (⇸)
21F9	LEFT RIGHT ARROW WITH VERTICAL STROKE (⇹)
21FA	LEFTWARDS ARROW WITH DOUBLE VERTICAL STROKE (⇺)
21FB	RIGHTWARDS ARROW WITH DOUBLE VERTICAL STROKE (⇻)
21FC	LEFT RIGHT ARROW WITH DOUBLE VERTICAL STROKE (⇼)
21FD	LEFTWARDS OPEN-HEADED ARROW (⇽)
21FE	RIGHTWARDS OPEN-HEADED ARROW (⇾)
21FF	LEFT RIGHT OPEN-HEADED ARROW (⇿)
2200	FOR ALL (∀)
2201	COMPLEMENT (∁)
2202	PARTIAL DIFFERENTIAL (∂)
2203	THERE EXISTS (∃)
2204	THERE DOES NOT EXIST (∄)
2205	EMPTY SET (∅)
2206	INCREMENT (∆)
2207	NABLA (∇)
2208	ELEMENT OF (∈)
2209	NOT AN ELEMENT OF (∉)
220A	SMALL ELEMENT OF (∊)
220B	CONTAINS AS MEMBER (∋)
220C	DOES NOT CONTAIN AS MEMBER (∌)
220D	SMALL CONTAINS AS MEMBER (∍)
220E	END OF PROOF (∎)
220F	N-ARY PRODUCT (∏)
2210	N-ARY COPRODUCT (∐)
2211	N-ARY SUMMATION (∑)
2212	MINUS SIGN (−)
2213	MINUS-OR-PLUS SIGN (∓)
2214	DOT PLUS (∔)
2215	DIVISION SLASH (∕)
2216	SET MINUS (∖)
2217	ASTERISK OPERATOR (∗)
2218	RING OPERATOR (∘)
2219	BULLET OPERATOR (∙)
221A	SQUARE ROOT (√)
221B	CUBE ROOT (∛)
221C	FOURTH ROOT (∜)
221D	PROPORTIONAL TO (∝)
221E	INFINITY (∞)
221F	RIGHT ANGLE (∟)
2220	ANGLE (∠)
2221	MEASURED ANGLE (∡)
2222	SPHERICAL ANGLE (∢)
2223	DIVIDES (∣)
2224	DOES NOT DIVIDE (∤)
2225	PARALLEL TO (∥)
2226	NOT PARALLEL TO (∦)
2227	LOGICAL AND (∧)
2228	LOGICAL OR (∨)
2229	INTERSECTION (∩)
222A	UNION (∪)
222B	INTEGRAL (∫)
222C	DOUBLE INTEGRAL (∬)
222D	TRIPLE INTEGRAL (∭)
222E	CONTOUR INTEGRAL (∮)
222F	SURFACE INTEGRAL (∯)
2230	VOLUME INTEGRAL (∰)
2231	CLOCKWISE INTEGRAL (∱)
2232	CLOCKWISE CONTOUR INTEGRAL (∲)
2233	ANTICLOCKWISE CONTOUR INTEGRAL (∳)
2234	THEREFORE (∴)
2235	BECAUSE (∵)
2236	RATIO (∶)
2237	PROPORTION (∷)
2238	DOT MINUS (∸)
2239	EXCESS (∹)
223A	GEOMETRIC PROPORTION (∺)
223B	HOMOTHETIC (∻)
223C	TILDE OPERATOR (∼)
223D	REVERSED TILDE (∽)
223E	INVERTED LAZY S (∾)
223F	SINE WAVE (∿)
2240	WREATH PRODUCT (≀)
2241	NOT TILDE (≁)
2242	MINUS TILDE (≂)
2243	ASYMPTOTICALLY EQUAL TO (≃)
2244	NOT ASYMPTOTICALLY EQUAL TO (≄)
2245	APPROXIMATELY EQUAL TO (≅)
2246	APPROXIMATELY BUT NOT ACTUALLY EQUAL TO (≆)
2247	NEITHER APPROXIMATELY NOR ACTUALLY EQUAL TO (≇)
2248	ALMOST EQUAL TO (≈)
2249	NOT ALMOST EQUAL TO (≉)
224A	ALMOST EQUAL OR EQUAL TO (≊)
224B	TRIPLE TILDE (≋)
224C	ALL EQUAL TO (≌)
224D	EQUIVALENT TO (≍)
224E	GEOMETRICALLY EQUIVALENT TO (≎)
224F	DIFFERENCE BETWEEN (≏)
2250	APPROACHES THE LIMIT (≐)
2251	GEOMETRICALLY EQUAL TO (≑)
2252	APPROXIMATELY EQUAL TO OR THE IMAGE OF (≒)
2253	IMAGE OF OR APPROXIMATELY EQUAL TO (≓)
2254	COLON EQUALS (≔)
2255	EQUALS COLON (≕)
2256	RING IN EQUAL TO (≖)
2257	RING EQUAL TO (≗)
2258	CORRESPONDS TO (≘)
2259	ESTIMATES (≙)
225A	EQUIANGULAR TO (≚)
225B	STAR EQUALS (≛)
225C	DELTA EQUAL TO (≜)
225D	EQUAL TO BY DEFINITION (≝)
225E	MEASURED BY (≞)
225F	QUESTIONED EQUAL TO (≟)
2260	NOT EQUAL TO (≠)
2261	IDENTICAL TO (≡)
2262	NOT IDENTICAL TO (≢)
2263	STRICTLY EQUIVALENT TO (≣)
2264	LESS-THAN OR EQUAL TO (≤)
2265	GREATER-THAN OR EQUAL TO (≥)
2266	LESS-THAN OVER EQUAL TO (≦)
2267	GREATER-THAN OVER EQUAL TO (≧)
2268	LESS-THAN BUT NOT EQUAL TO (≨)
2269	GREATER-THAN BUT NOT EQUAL TO (≩)
226A	MUCH LESS-THAN (≪)
226B	MUCH GREATER-THAN (≫)
226C	BETWEEN (≬)
226D	NOT EQUIVALENT TO (≭)
226E	NOT LESS-THAN (≮)
226F	NOT GREATER-THAN (≯)
2270	NEITHER LESS-THAN NOR EQUAL TO (≰)
2271	NEITHER GREATER-THAN NOR EQUAL TO (≱)
2272	LESS-THAN OR EQUIVALENT TO (≲)
2273	GREATER-THAN OR EQUIVALENT TO (≳)
2274	NEITHER LESS-THAN NOR EQUIVALENT TO (≴)
2275	NEITHER GREATER-THAN NOR EQUIVALENT TO (≵)
2276	LESS-THAN OR GREATER-THAN (≶)
2277	GREATER-THAN OR LESS-THAN (≷)
2278	NEITHER LESS-THAN NOR GREATER-THAN (≸)
2279	NEITHER GREATER-THAN NOR LESS-THAN (≹)
227A	PRECEDES (≺)
227B	SUCCEEDS (≻)
227C	PRECEDES OR EQUAL TO (≼)
227D	SUCCEEDS OR EQUAL TO (≽)
227E	PRECEDES OR EQUIVALENT TO (≾)
227F	SUCCEEDS OR EQUIVALENT TO (≿)
2280	DOES NOT PRECEDE (⊀)
2281	DOES NOT SUCCEED (⊁)
2282	SUBSET OF (⊂)
2283	SUPERSET OF (⊃)
2284	NOT A SUBSET OF (⊄)
2285	NOT A SUPERSET OF (⊅)
2286	SUBSET OF OR EQUAL TO (⊆)
2287	SUPERSET OF OR EQUAL TO (⊇)
2288	NEITHER A SUBSET OF NOR EQUAL TO (⊈)
2289	NEITHER A SUPERSET OF NOR EQUAL TO (⊉)
228A	SUBSET OF WITH NOT EQUAL TO (⊊)
228B	SUPERSET OF WITH NOT EQUAL TO (⊋)
228C	MULTISET (⊌)
228D	MULTISET MULTIPLICATION (⊍)
228E	MULTISET UNION (⊎)
228F	SQUARE IMAGE OF (⊏)
2290	SQUARE ORIGINAL OF (⊐)
2291	SQUARE IMAGE OF OR EQUAL TO (⊑)
2292	SQUARE ORIGINAL OF OR EQUAL TO (⊒)
2293	SQUARE CAP (⊓)
2294	SQUARE CUP (⊔)
2295	CIRCLED PLUS (⊕)
2296	CIRCLED MINUS (⊖)
2297	CIRCLED TIMES (⊗)
2298	CIRCLED DIVISION SLASH (⊘)
2299	CIRCLED DOT OPERATOR (⊙)
229A	CIRCLED RING OPERATOR (⊚)
229B	CIRCLED ASTERISK OPERATOR (⊛)
229C	CIRCLED EQUALS (⊜)
229D	CIRCLED DASH (⊝)
229E	SQUARED PLUS (⊞)
229F	SQUARED MINUS (⊟)
22A0	SQUARED TIMES (⊠)
22A1	SQUARED DOT OPERATOR (⊡)
22A2	RIGHT TACK (⊢)
22A3	LEFT TACK (⊣)
22A4	DOWN TACK (⊤)
22A5	UP TACK (⊥)
22A6	ASSERTION (⊦)
22A7	MODELS (⊧)
22A8	TRUE (⊨)
22A9	FORCES (⊩)
22AA	TRIPLE VERTICAL BAR RIGHT TURNSTILE (⊪)
22AB	DOUBLE VERTICAL BAR DOUBLE RIGHT TURNSTILE (⊫)
22AC	DOES NOT PROVE (⊬)
22AD	NOT TRUE (⊭)
22AE	DOES NOT FORCE (⊮)
22AF	NEGATED DOUBLE VERTICAL BAR DOUBLE RIGHT TURNSTILE (⊯)
22B0	PRECEDES UNDER RELATION (⊰)
22B1	SUCCEEDS UNDER RELATION (⊱)
22B2	NORMAL SUBGROUP OF (⊲)
22B3	CONTAINS AS NORMAL SUBGROUP (⊳)
22B4	NORMAL SUBGROUP OF OR EQUAL TO (⊴)
22B5	CONTAINS AS NORMAL SUBGROUP OR EQUAL TO (⊵)
22B6	ORIGINAL OF (⊶)
22B7	IMAGE OF (⊷)
22B8	MULTIMAP (⊸)
22B9	HERMITIAN CONJUGATE MATRIX (⊹)
22BA	INTERCALATE (⊺)
22BB	XOR (⊻)
22BC	NAND (⊼)
22BD	NOR (⊽)
22BE	RIGHT ANGLE WITH ARC (⊾)
22BF	RIGHT TRIANGLE (⊿)
22C0	N-ARY LOGICAL AND (⋀)
22C1	N-ARY LOGICAL OR (⋁)
22C2	N-ARY INTERSECTION (⋂)
22C3	N-ARY UNION (⋃)
22C4	DIAMOND OPERATOR (⋄)
22C5	DOT OPERATOR (⋅)
22C6	STAR OPERATOR (⋆)
22C7	DIVISION TIMES (⋇)
22C8	BOWTIE (⋈)
22C9	LEFT NORMAL FACTOR SEMIDIRECT PRODUCT (⋉)
22CA	RIGHT NORMAL FACTOR SEMIDIRECT PRODUCT (⋊)
22CB	LEFT SEMIDIRECT PRODUCT (⋋)
22CC	RIGHT SEMIDIRECT PRODUCT (⋌)
22CD	REVERSED TILDE EQUALS (⋍)
22CE	CURLY LOGICAL OR (⋎)
22CF	CURLY LOGICAL AND (⋏)
22D0	DOUBLE SUBSET (⋐)
22D1	DOUBLE SUPERSET (⋑)
22D2	DOUBLE INTERSECTION (⋒)
22D3	DOUBLE UNION (⋓)
22D4	PITCHFORK (⋔)
22D5	EQUAL AND PARALLEL TO (⋕)
22D6	LESS-THAN WITH DOT (⋖)
22D7	GREATER-THAN WITH DOT (⋗)
22D8	VERY MUCH LESS-THAN (⋘)
22D9	VERY MUCH GREATER-THAN (⋙)
22DA	LESS-THAN EQUAL TO OR GREATER-THAN (⋚)
22DB	GREATER-THAN EQUAL TO OR LESS-THAN (⋛)
22DC	EQUAL TO OR LESS-THAN (⋜)
22DD	EQUAL TO OR GREATER-THAN (⋝)
22DE	EQUAL TO OR PRECEDES (⋞)
22DF	EQUAL TO OR SUCCEEDS (⋟)
22E0	DOES NOT PRECEDE OR EQUAL (⋠)
22E1	DOES NOT SUCCEED OR EQUAL (⋡)
22E2	NOT SQUARE IMAGE OF OR EQUAL TO (⋢)
22E3	NOT SQUARE ORIGINAL OF OR EQUAL TO (⋣)
22E4	SQUARE IMAGE OF OR NOT EQUAL TO (⋤)
22E5	SQUARE ORIGINAL OF OR NOT EQUAL TO (⋥)
22E6	LESS-THAN BUT NOT EQUIVALENT TO (⋦)
22E7	GREATER-THAN BUT NOT EQUIVALENT TO (⋧)
22E8	PRECEDES BUT NOT EQUIVALENT TO (⋨)
22E9	SUCCEEDS BUT NOT EQUIVALENT TO (⋩)
22EA	NOT NORMAL SUBGROUP OF (⋪)
22EB	DOES NOT CONTAIN AS NORMAL SUBGROUP (⋫)
22EC	NOT NORMAL SUBGROUP OF OR EQUAL TO (⋬)
22ED	DOES NOT CONTAIN AS NORMAL SUBGROUP OR EQUAL (⋭)
22EE	VERTICAL ELLIPSIS (⋮)
22EF	MIDLINE HORIZONTAL ELLIPSIS (⋯)
22F0	UP RIGHT DIAGONAL ELLIPSIS (⋰)
22F1	DOWN RIGHT DIAGONAL ELLIPSIS (⋱)
22F2	ELEMENT OF WITH LONG HORIZONTAL STROKE (⋲)
22F3	ELEMENT OF WITH VERTICAL BAR AT END OF HORIZONTAL STROKE (⋳)
22F4	SMALL ELEMENT OF WITH VERTICAL BAR AT END OF HORIZONTAL STROKE (⋴)
22F5	ELEMENT OF WITH DOT ABOVE (⋵)
22F6	ELEMENT OF WITH OVERBAR (⋶)
22F7	SMALL ELEMENT OF WITH OVERBAR (⋷)
22F8	ELEMENT OF WITH UNDERBAR (⋸)
22F9	ELEMENT OF WITH TWO HORIZONTAL STROKES (⋹)
22FA	CONTAINS WITH LONG HORIZONTAL STROKE (⋺)
22FB	CONTAINS WITH VERTICAL BAR AT END OF HORIZONTAL STROKE (⋻)
22FC	SMALL CONTAINS WITH VERTICAL BAR AT END OF HORIZONTAL STROKE (⋼)
22FD	CONTAINS WITH OVERBAR (⋽)
22FE	SMALL CONTAINS WITH OVERBAR (⋾)
22FF	Z NOTATION BAG MEMBERSHIP (⋿)
2500	BOX DRAWINGS LIGHT HORIZONTAL (─)
2501	BOX DRAWINGS HEAVY HORIZONTAL (━)
2502	BOX DRAWINGS LIGHT VERTICAL (│)
2503	BOX DRAWINGS HEAVY VERTICAL (┃)
2504	BOX DRAWINGS LIGHT TRIPLE DASH HORIZONTAL (┄)
2505	BOX DRAWINGS HEAVY TRIPLE DASH HORIZONTAL (┅)
2506	BOX DRAWINGS LIGHT TRIPLE DASH VERTICAL (┆)
2507	BOX DRAWINGS HEAVY TRIPLE DASH VERTICAL (┇)
2508	BOX DRAWINGS LIGHT QUADRUPLE DASH HORIZONTAL (┈)
2509	BOX DRAWINGS HEAVY QUADRUPLE DASH HORIZONTAL (┉)
250A	BOX DRAWINGS LIGHT QUADRUPLE DASH VERTICAL (┊)
250B	BOX DRAWINGS HEAVY QUADRUPLE DASH VERTICAL (┋)
250C	BOX DRAWINGS LIGHT DOWN AND RIGHT (┌)
250D	BOX DRAWINGS DOWN LIGHT AND RIGHT HEAVY (┍)
250E	BOX DRAWINGS DOWN HEAVY AND RIGHT LIGHT (┎)
250F	BOX DRAWINGS HEAVY DOWN AND RIGHT (┏)
2510	BOX DRAWINGS LIGHT DOWN AND LEFT (┐)
2511	BOX DRAWINGS DOWN LIGHT AND LEFT HEAVY (┑)
2512	BOX DRAWINGS DOWN HEAVY AND LEFT LIGHT (┒)
2513	BOX DRAWINGS HEAVY DOWN AND LEFT (┓)
2514	BOX DRAWINGS LIGHT UP AND RIGHT (└)
2515	BOX DRAWINGS UP LIGHT AND RIGHT HEAVY (┕)
2516	BOX DRAWINGS UP HEAVY AND RIGHT LIGHT (┖)
2517	BOX DRAWINGS HEAVY UP AND RIGHT (┗)
2518	BOX DRAWINGS LIGHT UP AND LEFT (┘)
2519	BOX DRAWINGS UP LIGHT AND LEFT HEAVY (┙)
251A	BOX DRAWINGS UP HEAVY AND LEFT LIGHT (┚)
251B	BOX DRAWINGS HEAVY UP AND LEFT (┛)
251C	BOX DRAWINGS LIGHT VERTICAL AND RIGHT (├)
251D	BOX DRAWINGS VERTICAL LIGHT AND RIGHT HEAVY (┝)
251E	BOX DRAWINGS UP HEAVY AND RIGHT DOWN LIGHT (┞)
251F	BOX DRAWINGS DOWN HEAVY AND RIGHT UP LIGHT (┟)
2520	BOX DRAWINGS VERTICAL HEAVY AND RIGHT LIGHT (┠)
2521	BOX DRAWINGS DOWN LIGHT AND RIGHT UP HEAVY (┡)
2522	BOX DRAWINGS UP LIGHT AND RIGHT DOWN HEAVY (┢)
2523	BOX DRAWINGS HEAVY VERTICAL AND RIGHT (┣)
2524	BOX DRAWINGS LIGHT VERTICAL AND LEFT (┤)
2525	BOX DRAWINGS VERTICAL LIGHT AND LEFT HEAVY (┥)
2526	BOX DRAWINGS UP HEAVY AND LEFT DOWN LIGHT (┦)
2527	BOX DRAWINGS DOWN HEAVY AND LEFT UP LIGHT (┧)
2528	BOX DRAWINGS VERTICAL HEAVY AND LEFT LIGHT (┨)
2529	BOX DRAWINGS DOWN LIGHT AND LEFT UP HEAVY (┩)
252A	BOX DRAWINGS UP LIGHT AND LEFT DOWN HEAVY (┪)
252B	BOX DRAWINGS HEAVY VERTICAL AND LEFT (┫)
252C	BOX DRAWINGS LIGHT DOWN AND HORIZONTAL (┬)
252D	BOX DRAWINGS LEFT HEAVY AND RIGHT DOWN LIGHT (┭)
252E	BOX DRAWINGS RIGHT HEAVY AND LEFT DOWN LIGHT (┮)
252F	BOX DRAWINGS DOWN LIGHT AND HORIZONTAL HEAVY (┯)
2530	BOX DRAWINGS DOWN HEAVY AND HORIZONTAL LIGHT (┰)
2531	BOX DRAWINGS RIGHT LIGHT AND LEFT DOWN HEAVY (┱)
2532	BOX DRAWINGS LEFT LIGHT AND RIGHT DOWN HEAVY (┲)
2533	BOX DRAWINGS HEAVY DOWN AND HORIZONTAL (┳)
2534	BOX DRAWINGS LIGHT UP AND HORIZONTAL (┴)
2535	BOX DRAWINGS LEFT HEAVY AND RIGHT UP LIGHT (┵)
2536	BOX DRAWINGS RIGHT HEAVY AND LEFT UP LIGHT (┶)
2537	BOX DRAWINGS UP LIGHT AND HORIZONTAL HEAVY (┷)
2538	BOX DRAWINGS UP HEAVY AND HORIZONTAL LIGHT (┸)
2539	BOX DRAWINGS RIGHT LIGHT AND LEFT UP HEAVY (┹)
253A	BOX DRAWINGS LEFT LIGHT AND RIGHT UP HEAVY (┺)
253B	BOX DRAWINGS HEAVY UP AND HORIZONTAL (┻)
253C	BOX DRAWINGS LIGHT VERTICAL AND HORIZONTAL (┼)
253D	BOX DRAWINGS LEFT HEAVY AND RIGHT VERTICAL LIGHT (┽)
253E	BOX DRAWINGS RIGHT HEAVY AND LEFT VERTICAL LIGHT (┾)
253F	BOX DRAWINGS VERTICAL LIGHT AND HORIZONTAL HEAVY (┿)
2540	BOX DRAWINGS UP HEAVY AND DOWN HORIZONTAL LIGHT (╀)
2541	BOX DRAWINGS DOWN HEAVY AND UP HORIZONTAL LIGHT (╁)
2542	BOX DRAWINGS VERTICAL HEAVY AND HORIZONTAL LIGHT (╂)
2543	BOX DRAWINGS LEFT UP HEAVY AND RIGHT DOWN LIGHT (╃)
2544	BOX DRAWINGS RIGHT UP HEAVY AND LEFT DOWN LIGHT (╄)
2545	BOX DRAWINGS LEFT DOWN HEAVY AND RIGHT UP LIGHT (╅)
2546	BOX DRAWINGS RIGHT DOWN HEAVY AND LEFT UP LIGHT (╆)
2547	BOX DRAWINGS DOWN LIGHT AND UP HORIZONTAL HEAVY (╇)
2548	BOX DRAWINGS UP LIGHT AND DOWN HORIZONTAL HEAVY (╈)
2549	BOX DRAWINGS RIGHT LIGHT AND LEFT VERTICAL HEAVY (╉)
254A	BOX DRAWINGS LEFT LIGHT AND RIGHT VERTICAL HEAVY (╊)
254B	BOX DRAWINGS HEAVY VERTICAL AND HORIZONTAL (╋)
254C	BOX DRAWINGS LIGHT DOUBLE DASH HORIZONTAL (╌)
254D	BOX DRAWINGS HEAVY DOUBLE DASH HORIZONTAL (╍)
254E	BOX DRAWINGS LIGHT DOUBLE DASH VERTICAL (╎)
254F	BOX DRAWINGS HEAVY DOUBLE DASH VERTICAL (╏)
2550	BOX DRAWINGS DOUBLE HORIZONTAL (═)
2551	BOX DRAWINGS DOUBLE VERTICAL (║)
2552	BOX DRAWINGS DOWN SINGLE AND RIGHT DOUBLE (╒)
2553	BOX DRAWINGS DOWN DOUBLE AND RIGHT SINGLE (╓)
2554	BOX DRAWINGS DOUBLE DOWN AND RIGHT (╔)
2555	BOX DRAWINGS DOWN SINGLE AND LEFT DOUBLE (╕)
2556	BOX DRAWINGS DOWN DOUBLE AND LEFT SINGLE (╖)
2557	BOX DRAWINGS DOUBLE DOWN AND LEFT (╗)
2558	BOX DRAWINGS UP SINGLE AND RIGHT DOUBLE (╘)
2559	BOX DRAWINGS UP DOUBLE AND RIGHT SINGLE (╙)
255A	BOX DRAWINGS DOUBLE UP AND RIGHT (╚)
255B	BOX DRAWINGS UP SINGLE AND LEFT DOUBLE (╛)
255C	BOX DRAWINGS UP DOUBLE AND LEFT SINGLE (╜)
255D	BOX DRAWINGS DOUBLE UP AND LEFT (╝)
255E	BOX DRAWINGS VERTICAL SINGLE AND RIGHT DOUBLE (╞)
255F	BOX DRAWINGS VERTICAL DOUBLE AND RIGHT SINGLE (╟)
2560	BOX DRAWINGS DOUBLE VERTICAL AND RIGHT (╠)
2561	BOX DRAWINGS VERTICAL SINGLE AND LEFT DOUBLE (╡)
2562	BOX DRAWINGS VERTICAL DOUBLE AND LEFT SINGLE (╢)
2563	BOX DRAWINGS DOUBLE VERTICAL AND LEFT (╣)
2564	BOX DRAWINGS DOWN SINGLE AND HORIZONTAL DOUBLE (╤)
2565	BOX DRAWINGS DOWN DOUBLE AND HORIZONTAL SINGLE (╥)
2566	BOX DRAWINGS DOUBLE DOWN AND HORIZONTAL (╦)
2567	BOX DRAWINGS UP SINGLE AND HORIZONTAL DOUBLE (╧)
2568	BOX DRAWINGS UP DOUBLE AND HORIZONTAL SINGLE (╨)
2569	BOX DRAWINGS DOUBLE UP AND HORIZONTAL (╩)
256A	BOX DRAWINGS VERTICAL SINGLE AND HORIZONTAL DOUBLE (╪)
256B	BOX DRAWINGS VERTICAL DOUBLE AND HORIZONTAL SINGLE (╫)
256C	BOX DRAWINGS DOUBLE VERTICAL AND HORIZONTAL (╬)
256D	BOX DRAWINGS LIGHT ARC DOWN AND RIGHT (╭)
256E	BOX DRAWINGS LIGHT ARC DOWN AND LEFT (╮)
256F	BOX DRAWINGS LIGHT ARC UP AND LEFT (╯)
2570	BOX DRAWINGS LIGHT ARC UP AND RIGHT (╰)
2571	BOX DRAWINGS LIGHT DIAGONAL UPPER RIGHT TO LOWER LEFT (╱)
2572	BOX DRAWINGS LIGHT DIAGONAL UPPER LEFT TO LOWER RIGHT (╲)
2573	BOX DRAWINGS LIGHT DIAGONAL CROSS (╳)
2574	BOX DRAWINGS LIGHT LEFT (╴)
2575	BOX DRAWINGS LIGHT UP (╵)
2576	BOX DRAWINGS LIGHT RIGHT (╶)
2577	BOX DRAWINGS LIGHT DOWN (╷)
2578	BOX DRAWINGS HEAVY LEFT (╸)
2579	BOX DRAWINGS HEAVY UP (╹)
257A	BOX DRAWINGS HEAVY RIGHT (╺)
257B	BOX DRAWINGS HEAVY DOWN (╻)
257C	BOX DRAWINGS LIGHT LEFT AND HEAVY RIGHT (╼)
257D	BOX DRAWINGS LIGHT UP AND HEAVY DOWN (╽)
257E	BOX DRAWINGS HEAVY LEFT AND LIGHT RIGHT (╾)
257F	BOX DRAWINGS HEAVY UP AND LIGHT DOWN (╿)
2580	UPPER HALF BLOCK (▀)
2581	LOWER ONE EIGHTH BLOCK (▁)
2582	LOWER ONE QUARTER BLOCK (▂)
2583	LOWER THREE EIGHTHS BLOCK (▃)
2584	LOWER HALF BLOCK (▄)
2585	LOWER FIVE EIGHTHS BLOCK (▅)
2586	LOWER THREE QUARTERS BLOCK (▆)
2587	LOWER SEVEN EIGHTHS BLOCK (▇)
2588	FULL BLOCK (█)
2589	LEFT SEVEN EIGHTHS BLOCK (▉)
258A	LEFT THREE QUARTERS BLOCK (▊)
258B	LEFT FIVE EIGHTHS BLOCK (▋)
258C	LEFT HALF BLOCK (▌)
258D	LEFT THREE EIGHTHS BLOCK (▍)
258E	LEFT ONE QUARTER BLOCK (▎)
258F	LEFT ONE EIGHTH BLOCK (▏)
2590	RIGHT HALF BLOCK (▐)
2591	LIGHT SHADE (░)
2592	MEDIUM SHADE (▒)
2593	DARK SHADE (▓)
2594	UPPER ONE EIGHTH BLOCK (▔)
2595	RIGHT ONE EIGHTH BLOCK (▕)
2596	QUADRANT LOWER LEFT (▖)
2597	QUADRANT LOWER RIGHT (▗)
2598	QUADRANT UPPER LEFT (▘)
2599	QUADRANT UPPER LEFT AND LOWER LEFT AND LOWER RIGHT (▙)
259A	QUADRANT UPPER LEFT AND LOWER RIGHT (▚)
259B	QUADRANT UPPER LEFT AND UPPER RIGHT AND LOWER LEFT (▛)
259C	QUADRANT UPPER LEFT AND UPPER RIGHT AND LOWER RIGHT (▜)
259D	QUADRANT UPPER RIGHT (▝)
259E	QUADRANT UPPER RIGHT AND LOWER LEFT (▞)
259F	QUADRANT UPPER RIGHT AND LOWER LEFT AND LOWER RIGHT (▟)
25A0	BLACK SQUARE (■)
25A1	WHITE SQUARE (□)
25A2	WHITE SQUARE WITH ROUNDED CORNERS (▢)
25A3	WHITE SQUARE CONTAINING BLACK SMALL SQUARE (▣)
25A4	SQUARE WITH HORIZONTAL FILL (▤)
25A5	SQUARE WITH VERTICAL FILL (▥)
25A6	SQUARE WITH ORTHOGONAL CROSSHATCH FILL (▦)
25A7	SQUARE WITH UPPER LEFT TO LOWER RIGHT FILL (▧)
25A8	SQUARE WITH UPPER RIGHT TO LOWER LEFT FILL (▨)
25A9	SQUARE WITH DIAGONAL CROSSHATCH FILL (▩)
25AA	BLACK SMALL SQUARE (▪)
25AB	WHITE SMALL SQUARE (▫)
25AC	BLACK RECTANGLE (▬)
25AD	WHITE RECTANGLE (▭)
25AE	BLACK VERTICAL RECTANGLE (▮)
25AF	WHITE VERTICAL RECTANGLE (▯)
25B0	BLACK PARALLELOGRAM (▰)
25B1	WHITE PARALLELOGRAM (▱)
25B2	BLACK UP-POINTING TRIANGLE (▲)
25B3	WHITE UP-POINTING TRIANGLE (△)
25B4	BLACK UP-POINTING SMALL TRIANGLE (▴)
25B5	WHITE UP-POINTING SMALL TRIANGLE (▵)
25B6	BLACK RIGHT-POINTING TRIANGLE (▶)
25B7	WHITE RIGHT-POINTING TRIANGLE (▷)
25B8	BLACK RIGHT-POINTING SMALL TRIANGLE (▸)
25B9	WHITE RIGHT-POINTING SMALL TRIANGLE (▹)
25BA	BLACK RIGHT-POINTING POINTER (►)
25BB	WHITE RIGHT-POINTING POINTER (▻)
25BC	BLACK DOWN-POINTING TRIANGLE (▼)
25BD	WHITE DOWN-POINTING TRIANGLE (▽)
25BE	BLACK DOWN-POINTING SMALL TRIANGLE (▾)
25BF	WHITE DOWN-POINTING SMALL TRIANGLE (▿)
25C0	BLACK LEFT-POINTING TRIANGLE (◀)
25C1	WHITE LEFT-POINTING TRIANGLE (◁)
25C2	BLACK LEFT-POINTING SMALL TRIANGLE (◂)
25C3	WHITE LEFT-POINTING SMALL TRIANGLE (◃)
25C4	BLACK LEFT-POINTING POINTER (◄)
25C5	WHITE LEFT-POINTING POINTER (◅)
25C6	BLACK DIAMOND (◆)
25C7	WHITE DIAMOND (◇)
25C8	WHITE DIAMOND CONTAINING BLACK SMALL DIAMOND (◈)
25C9	FISHEYE (◉)
25CA	LOZENGE (◊)
25CB	WHITE CIRCLE (○)
25CC	DOTTED CIRCLE (◌)
25CD	CIRCLE WITH VERTICAL FILL (◍)
25CE	BULLSEYE (◎)
25CF	BLACK CIRCLE (●)
25D0	CIRCLE WITH LEFT HALF BLACK (◐)
25D1	CIRCLE WITH RIGHT HALF BLACK (◑)
25D2	CIRCLE WITH LOWER HALF BLACK (◒)
25D3	CIRCLE WITH UPPER HALF BLACK (◓)
25D4	CIRCLE WITH UPPER RIGHT QUADRANT BLACK (◔)
25D5	CIRCLE WITH ALL BUT UPPER LEFT QUADRANT BLACK (◕)
25D6	LEFT HALF BLACK CIRCLE (◖)
25D7	RIGHT HALF BLACK CIRCLE (◗)
25D8	INVERSE BULLET (◘)
25D9	INVERSE WHITE CIRCLE (◙)
25DA	UPPER HALF INVERSE WHITE CIRCLE (◚)
25DB	LOWER HALF INVERSE WHITE CIRCLE (◛)
25DC	UPPER LEFT QUADRANT CIRCULAR ARC (◜)
25DD	UPPER RIGHT QUADRANT CIRCULAR ARC (◝)
25DE	LOWER RIGHT QUADRANT CIRCULAR ARC (◞)
25DF	LOWER LEFT QUADRANT CIRCULAR ARC (◟)
25E0	UPPER HALF CIRCLE (◠)
25E1	LOWER HALF CIRCLE (◡)
25E2	BLACK LOWER RIGHT TRIANGLE (◢)
25E3	BLACK LOWER LEFT TRIANGLE (◣)
25E4	BLACK UPPER LEFT TRIANGLE (◤)
25E5	BLACK UPPER RIGHT TRIANGLE (◥)
25E6	WHITE BULLET (◦)
25E7	SQUARE WITH LEFT HALF BLACK (◧)
25E8	SQUARE WITH RIGHT HALF BLACK (◨)
25E9	SQUARE WITH UPPER LEFT DIAGONAL HALF BLACK (◩)
25EA	SQUARE WITH LOWER RIGHT DIAGONAL HALF BLACK (◪)
25EB	WHITE SQUARE WITH VERTICAL BISECTING LINE (◫)
25EC	WHITE UP-POINTING TRIANGLE WITH DOT (◬)
25ED	UP-POINTING TRIANGLE WITH LEFT HALF BLACK (◭)
25EE	UP-POINTING TRIANGLE WITH RIGHT HALF BLACK (◮)
25EF	LARGE CIRCLE (◯)
25F0	WHITE SQUARE WITH UPPER LEFT QUADRANT (◰)
25F1	WHITE SQUARE WITH LOWER LEFT QUADRANT (◱)
25F2	WHITE SQUARE WITH LOWER RIGHT QUADRANT (◲)
25F3	WHITE SQUARE WITH UPPER RIGHT QUADRANT (◳)
25F4	WHITE CIRCLE WITH UPPER LEFT QUADRANT (◴)
25F5	WHITE CIRCLE WITH LOWER LEFT QUADRANT (◵)
25F6	WHITE CIRCLE WITH LOWER RIGHT QUADRANT (◶)
25F7	WHITE CIRCLE WITH UPPER RIGHT QUADRANT (◷)
25F8	UPPER LEFT TRIANGLE (◸)
25F9	UPPER RIGHT TRIANGLE (◹)
25FA	LOWER LEFT TRIANGLE (◺)
25FB	WHITE MEDIUM SQUARE (◻)
25FC	BLACK MEDIUM SQUARE (◼)
25FD	WHITE MEDIUM SMALL SQUARE (◽)
25FE	BLACK MEDIUM SMALL SQUARE (◾)
25FF	LOWER RIGHT TRIANGLE (◿)
2600	BLACK SUN WITH RAYS (☀)
2601	CLOUD (☁)
2602	UMBRELLA (☂)
2603	SNOWMAN (☃)
2604	COMET (☄)
2605	BLACK STAR (★)
2606	WHITE STAR (☆)
2607	LIGHTNING (☇)
2608	THUNDERSTORM (☈)
2609	SUN (☉)
260A	ASCENDING NODE (☊)
260B	DESCENDING NODE (☋)
260C	CONJUNCTION (☌)
260D	OPPOSITION (☍)
260E	BLACK TELEPHONE (☎)
260F	WHITE TELEPHONE (☏)
2610	BALLOT BOX (☐)
2611	BALLOT BOX WITH CHECK (☑)
2612	BALLOT BOX WITH X (☒)
2613	SALTIRE (☓)
2614	UMBRELLA WITH RAIN DROPS (☔)
2615	HOT BEVERAGE (☕)
2616	WHITE SHOGI PIECE (☖)
2617	BLACK SHOGI PIECE (☗)
2618	SHAMROCK (☘)
2619	REVERSED ROTATED FLORAL HEART BULLET (☙)
261A	BLACK LEFT POINTING INDEX (☚)
261B	BLACK RIGHT POINTING INDEX (☛)
261C	WHITE LEFT POINTING INDEX (☜)
261D	WHITE UP POINTING INDEX (☝)
261E	WHITE RIGHT POINTING INDEX (☞)
261F	WHITE DOWN POINTING INDEX (☟)
2620	SKULL AND CROSSBONES (☠)
2621	CAUTION SIGN (☡)
2622	RADIOACTIVE SIGN (☢)
2623	BIOHAZARD SIGN (☣)
2624	CADUCEUS (☤)
2625	ANKH (☥)
2626	ORTHODOX CROSS (☦)
2627	CHI RHO (☧)
2628	CROSS OF LORRAINE (☨)
2629	CROSS OF JERUSALEM (☩)
262A	STAR AND CRESCENT (☪)
262B	FARSI SYMBOL (☫)
262C	KHANDA (☬)
262D	HAMMER AND SICKLE (☭)
262E	PEACE SYMBOL (☮)
262F	YIN YANG (☯)
2630	TRIGRAM FOR HEAVEN (☰)
2631	TRIGRAM FOR LAKE (☱)
2632	TRIGRAM FOR FIRE (☲)
2633	TRIGRAM FOR THUNDER (☳)
2634	TRIGRAM FOR WIND (☴)
2635	TRIGRAM FOR WATER (☵)
2636	TRIGRAM FOR MOUNTAIN (☶)
2637	TRIGRAM FOR EARTH (☷)
2638	WHEEL OF DHARMA (☸)
2639	WHITE FROWNING FACE (☹)
263A	WHITE SMILING FACE (☺)
263B	BLACK SMILING FACE (☻)
263C	WHITE SUN WITH RAYS (☼)
263D	FIRST QUARTER MOON (☽)
263E	LAST QUARTER MOON (☾)
263F	MERCURY (☿)
2640	FEMALE SIGN (♀)
2641	EARTH (♁)
2642	MALE SIGN (♂)
2643	JUPITER (♃)
2644	SATURN (♄)
2645	URANUS (♅)
2646	NEPTUNE (♆)
2647	PLUTO (♇)
2648	ARIES (♈)
2649	TAURUS (♉)
264A	GEMINI (♊)
264B	CANCER (♋)
264C	LEO (♌)
264D	VIRGO (♍)
264E	LIBRA (♎)
264F	SCORPIUS (♏)
2650	SAGITTARIUS (♐)
2651	CAPRICORN (♑)
2652	AQUARIUS (♒)
2653	PISCES (♓)
2654	WHITE CHESS KING (♔)
2655	WHITE CHESS QUEEN (♕)
2656	WHITE CHESS ROOK (♖)
2657	WHITE CHESS BISHOP (♗)
2658	WHITE CHESS KNIGHT (♘)
2659	WHITE CHESS PAWN (♙)
265A	BLACK CHESS KING (♚)
265B	BLACK CHESS QUEEN (♛)
265C	BLACK CHESS ROOK (♜)
265D	BLACK CHESS BISHOP (♝)
265E	BLACK CHESS KNIGHT (♞)
265F	BLACK CHESS PAWN (♟)
2660	BLACK SPADE SUIT (♠)
2661	WHITE HEART SUIT (♡)
2662	WHITE DIAMOND SUIT (♢)
2663	BLACK CLUB SUIT (♣)
2664	WHITE SPADE SUIT (♤)
2665	BLACK HEART SUIT (♥)
2666	BLACK DIAMOND SUIT (♦)
2667	WHITE CLUB SUIT (♧)
2668	HOT SPRINGS (♨)
2669	QUARTER NOTE (♩)
266A	EIGHTH NOTE (♪)
266B	BEAMED EIGHTH NOTES (♫)
266C	BEAMED SIXTEENTH NOTES (♬)
266D	MUSIC FLAT SIGN (♭)
266E	MUSIC NATURAL SIGN (♮)
266F	MUSIC SHARP SIGN (♯)
2670	WEST SYRIAC CROSS (♰)
2671	EAST SYRIAC CROSS (♱)
2672	UNIVERSAL RECYCLING SYMBOL (♲)
2673	RECYCLING SYMBOL FOR TYPE-1 PLASTICS (♳)
2674	RECYCLING SYMBOL FOR TYPE-2 PLASTICS (♴)
2675	RECYCLING SYMBOL FOR TYPE-3 PLASTICS (♵)
2676	RECYCLING SYMBOL FOR TYPE-4 PLASTICS (♶)
2677	RECYCLING SYMBOL FOR TYPE-5 PLASTICS (♷)
2678	RECYCLING SYMBOL FOR TYPE-6 PLASTICS (♸)
2679	RECYCLING SYMBOL FOR TYPE-7 PLASTICS (♹)
267A	RECYCLING SYMBOL FOR GENERIC MATERIALS (♺)
267B	BLACK UNIVERSAL RECYCLING SYMBOL (♻)
267C	RECYCLED PAPER SYMBOL (♼)
267D	PARTIALLY-RECYCLED PAPER SYMBOL (♽)
267E	PERMANENT PAPER SIGN (♾)
267F	WHEELCHAIR SYMBOL (♿)
2680	DIE FACE-1 (⚀)
2681	DIE FACE-2 (⚁)
2682	DIE FACE-3 (⚂)
2683	DIE FACE-4 (⚃)
2684	DIE FACE-5 (⚄)
2685	DIE FACE-6 (⚅)
2686	WHITE CIRCLE WITH DOT RIGHT (⚆)
2687	WHITE CIRCLE WITH TWO DOTS (⚇)
2688	BLACK CIRCLE WITH WHITE DOT RIGHT (⚈)
2689	BLACK CIRCLE WITH TWO WHITE DOTS (⚉)
268A	MONOGRAM FOR YANG (⚊)
268B	MONOGRAM FOR YIN (⚋)
268C	DIGRAM FOR GREATER YANG (⚌)
268D	DIGRAM FOR LESSER YIN (⚍)
268E	DIGRAM FOR LESSER YANG (⚎)
268F	DIGRAM FOR GREATER YIN (⚏)
2690	WHITE FLAG (⚐)
2691	BLACK FLAG (⚑)
2692	HAMMER AND PICK (⚒)
2693	ANCHOR (⚓)
2694	CROSSED SWORDS (⚔)
2695	STAFF OF AESCULAPIUS (⚕)
2696	SCALES (⚖)
2697	ALEMBIC (⚗)
2698	FLOWER (⚘)
2699	GEAR (⚙)
269A	STAFF OF HERMES (⚚)
269B	ATOM SYMBOL (⚛)
269C	FLEUR-DE-LIS (⚜)
269D	OUTLINED WHITE STAR (⚝)
269E	THREE LINES CONVERGING RIGHT (⚞)
269F	THREE LINES CONVERGING LEFT (⚟)
26A0	WARNING SIGN (⚠)
26A1	HIGH VOLTAGE SIGN (⚡)
26A2	DOUBLED FEMALE SIGN (⚢)
26A3	DOUBLED MALE SIGN (⚣)
26A4	INTERLOCKED FEMALE AND MALE SIGN (⚤)
26A5	MALE AND FEMALE SIGN (⚥)
26A6	MALE WITH STROKE SIGN (⚦)
26A7	MALE WITH STROKE AND MALE AND FEMALE SIGN (⚧)
26A8	VERTICAL MALE WITH STROKE SIGN (⚨)
26A9	HORIZONTAL MALE WITH STROKE SIGN (⚩)
26AA	MEDIUM WHITE CIRCLE (⚪)
26AB	MEDIUM BLACK CIRCLE (⚫)
26AC	MEDIUM SMALL WHITE CIRCLE (⚬)
26AD	MARRIAGE SYMBOL (⚭)
26AE	DIVORCE SYMBOL (⚮)
26AF	UNMARRIED PARTNERSHIP SYMBOL (⚯)
26B0	COFFIN (⚰)
26B1	FUNERAL URN (⚱)
26B2	NEUTER (⚲)
26B3	CERES (⚳)
26B4	PALLAS (⚴)
26B5	JUNO (⚵)
26B6	VESTA (⚶)
26B7	CHIRON (⚷)
26B8	BLACK MOON LILITH (⚸)
26B9	SEXTILE (⚹)
26BA	SEMISEXTILE (⚺)
26BB	QUINCUNX (⚻)
26BC	SESQUIQUADRATE (⚼)
26BD	SOCCER BALL (⚽)
26BE	BASEBALL (⚾)
26BF	SQUARED KEY (⚿)
26C0	WHITE DRAUGHTS MAN (⛀)
26C1	WHITE DRAUGHTS KING (⛁)
26C2	BLACK DRAUGHTS MAN (⛂)
26C3	BLACK DRAUGHTS KING (⛃)
26C4	SNOWMAN WITHOUT SNOW (⛄)
26C5	SUN BEHIND CLOUD (⛅)
26C6	RAIN (⛆)
26C7	BLACK SNOWMAN (⛇)
26C8	THUNDER CLOUD AND RAIN (⛈)
26C9	TURNED WHITE SHOGI PIECE (⛉)
26CA	TURNED BLACK SHOGI PIECE (⛊)
26CB	WHITE DIAMOND IN SQUARE (⛋)
26CC	CROSSING LANES (⛌)
26CD	DISABLED CAR (⛍)
26CE	OPHIUCHUS (⛎)
26CF	PICK (⛏)
26D0	CAR SLIDING (⛐)
26D1	HELMET WITH WHITE CROSS (⛑)
26D2	CIRCLED CROSSING LANES (⛒)
26D3	CHAINS (⛓)
26D4	NO ENTRY (⛔)
26D5	ALTERNATE ONE-WAY LEFT WAY TRAFFIC (⛕)
26D6	BLACK TWO-WAY LEFT WAY TRAFFIC (⛖)
26D7	WHITE TWO-WAY LEFT WAY TRAFFIC (⛗)
26D8	BLACK LEFT LANE MERGE (⛘)
26D9	WHITE LEFT LANE MERGE (⛙)
26DA	DRIVE SLOW SIGN (⛚)
26DB	HEAVY WHITE DOWN-POINTING TRIANGLE (⛛)
26DC	LEFT CLOSED ENTRY (⛜)
26DD	SQUARED SALTIRE (⛝)
26DE	FALLING DIAGONAL IN WHITE CIRCLE IN BLACK SQUARE (⛞)
26DF	BLACK TRUCK (⛟)
26E0	RESTRICTED LEFT ENTRY-1 (⛠)
26E1	RESTRICTED LEFT ENTRY-2 (⛡)
26E2	ASTRONOMICAL SYMBOL FOR URANUS (⛢)
26E3	HEAVY CIRCLE WITH STROKE AND TWO DOTS ABOVE (⛣)
26E4	PENTAGRAM (⛤)
26E5	RIGHT-HANDED INTERLACED PENTAGRAM (⛥)
26E6	LEFT-HANDED INTERLACED PENTAGRAM (⛦)
26E7	INVERTED PENTAGRAM (⛧)
26E8	BLACK CROSS ON SHIELD (⛨)
26E9	SHINTO SHRINE (⛩)
26EA	CHURCH (⛪)
26EB	CASTLE (⛫)
26EC	HISTORIC SITE (⛬)
26ED	GEAR WITHOUT HUB (⛭)
26EE	GEAR WITH HANDLES (⛮)
26EF	MAP SYMBOL FOR LIGHTHOUSE (⛯)
26F0	MOUNTAIN (⛰)
26F1	UMBRELLA ON GROUND (⛱)
26F2	FOUNTAIN (⛲)
26F3	FLAG IN HOLE (⛳)
26F4	FERRY (⛴)
26F5	SAILBOAT (⛵)
26F6	SQUARE FOUR CORNERS (⛶)
26F7	SKIER (⛷)
26F8	ICE SKATE (⛸)
26F9	PERSON WITH BALL (⛹)
26FA	TENT (⛺)
26FB	JAPANESE BANK SYMBOL (⛻)
26FC	HEADSTONE GRAVEYARD SYMBOL (⛼)
26FD	FUEL PUMP (⛽)
26FE	CUP ON BLACK SQUARE (⛾)
26FF	WHITE FLAG WITH HORIZONTAL MIDDLE BLACK STRIPE (⛿)
2701	UPPER BLADE SCISSORS (✁)
2702	BLACK SCISSORS (✂)
2703	LOWER BLADE SCISSORS (✃)
2704	WHITE SCISSORS (✄)
2705	WHITE HEAVY CHECK MARK (✅)
2706	TELEPHONE LOCATION SIGN (✆)
2707	TAPE DRIVE (✇)
2708	AIRPLANE (✈)
2709	ENVELOPE (✉)
270A	RAISED FIST (✊)
270B	RAISED HAND (✋)
270C	VICTORY HAND (✌)
270D	WRITING HAND (✍)
270E	LOWER RIGHT PENCIL (✎)
270F	PENCIL (✏)
2710	UPPER RIGHT PENCIL (✐)
2711	WHITE NIB (✑)
2712	BLACK NIB (✒)
2713	CHECK MARK (✓)
2714	HEAVY CHECK MARK (✔)
2715	MULTIPLICATION X (✕)
2716	HEAVY MULTIPLICATION X (✖)
2717	BALLOT X (✗)
2718	HEAVY BALLOT X (✘)
2719	OUTLINED GREEK CROSS (✙)
271A	HEAVY GREEK CROSS (✚)
271B	OPEN CENTRE CROSS (✛)
271C	HEAVY OPEN CENTRE CROSS (✜)
271D	LATIN CROSS (✝)
271E	SHADOWED WHITE LATIN CROSS (✞)
271F	OUTLINED LATIN CROSS (✟)
2720	MALTESE CROSS (✠)
2721	STAR OF DAVID (✡)
2722	FOUR TEARDROP-SPOKED ASTERISK (✢)
2723	FOUR BALLOON-SPOKED ASTERISK (✣)
2724	HEAVY FOUR BALLOON-SPOKED ASTERISK (✤)
2725	FOUR CLUB-SPOKED ASTERISK (✥)
2726	BLACK FOUR POINTED STAR (✦)
2727	WHITE FOUR POINTED STAR (✧)
2728	SPARKLES (✨)
2729	STRESS OUTLINED WHITE STAR (✩)
272A	CIRCLED WHITE STAR (✪)
272B	OPEN CENTRE BLACK STAR (✫)
272C	BLACK CENTRE WHITE STAR (✬)
272D	OUTLINED BLACK STAR (✭)
272E	HEAVY OUTLINED BLACK STAR (✮)
272F	PINWHEEL STAR (✯)
2730	SHADOWED WHITE STAR (✰)
2731	HEAVY ASTERISK (✱)
2732	OPEN CENTRE ASTERISK (✲)
2733	EIGHT SPOKED ASTERISK (✳)
2734	EIGHT POINTED BLACK STAR (✴)
2735	EIGHT POINTED PINWHEEL STAR (✵)
2736	SIX POINTED BLACK STAR (✶)
2737	EIGHT POINTED RECTILINEAR BLACK STAR (✷)
2738	HEAVY EIGHT POINTED RECTILINEAR BLACK STAR (✸)
2739	TWELVE POINTED BLACK STAR (✹)
273A	SIXTEEN POINTED ASTERISK (✺)
273B	TEARDROP-SPOKED ASTERISK (✻)
273C	OPEN CENTRE TEARDROP-SPOKED ASTERISK (✼)
273D	HEAVY TEARDROP-SPOKED ASTERISK (✽)
273E	SIX PETALLED BLACK AND WHITE FLORETTE (✾)
273F	BLACK FLORETTE (✿)
2740	WHITE FLORETTE (❀)
2741	EIGHT PETALLED OUTLINED BLACK FLORETTE (❁)
2742	CIRCLED OPEN CENTRE EIGHT POINTED STAR (❂)
2743	HEAVY TEARDROP-SPOKED PINWHEEL ASTERISK (❃)
2744	SNOWFLAKE (❄)
2745	TIGHT TRIFOLIATE SNOWFLAKE (❅)
2746	HEAVY CHEVRON SNOWFLAKE (❆)
2747	SPARKLE (❇)
2748	HEAVY SPARKLE (❈)
2749	BALLOON-SPOKED ASTERISK (❉)
274A	EIGHT TEARDROP-SPOKED PROPELLER ASTERISK (❊)
274B	HEAVY EIGHT TEARDROP-SPOKED PROPELLER ASTERISK (❋)
274C	CROSS MARK (❌)
274D	SHADOWED WHITE CIRCLE (❍)
274E	NEGATIVE SQUARED CROSS MARK (❎)
274F	LOWER RIGHT DROP-SHADOWED WHITE SQUARE (❏)
2750	UPPER RIGHT DROP-SHADOWED WHITE SQUARE (❐)
2751	LOWER RIGHT SHADOWED WHITE SQUARE (❑)
2752	UPPER RIGHT SHADOWED WHITE SQUARE (❒)
2753	BLACK QUESTION MARK ORNAMENT (❓)
2754	WHITE QUESTION MARK ORNAMENT (❔)
2755	WHITE EXCLAMATION MARK ORNAMENT (❕)
2756	BLACK DIAMOND MINUS WHITE X (❖)
2757	HEAVY EXCLAMATION MARK SYMBOL (❗)
2758	LIGHT VERTICAL BAR (❘)
2759	MEDIUM VERTICAL BAR (❙)
275A	HEAVY VERTICAL BAR (❚)
275B	HEAVY SINGLE TURNED COMMA QUOTATION MARK ORNAMENT (❛)
275C	HEAVY SINGLE COMMA QUOTATION MARK ORNAMENT (❜)
275D	HEAVY DOUBLE TURNED COMMA QUOTATION MARK ORNAMENT (❝)
275E	HEAVY DOUBLE COMMA QUOTATION MARK ORNAMENT (❞)
275F	HEAVY LOW SINGLE COMMA QUOTATION MARK ORNAMENT (❟)
2760	HEAVY LOW DOUBLE COMMA QUOTATION MARK ORNAMENT (❠)
2761	CURVED STEM PARAGRAPH SIGN ORNAMENT (❡)
2762	HEAVY EXCLAMATION MARK ORNAMENT (❢)
2763	HEAVY HEART EXCLAMATION MARK ORNAMENT (❣)
2764	HEAVY BLACK HEART (❤)
2765	ROTATED HEAVY BLACK HEART BULLET (❥)
2766	FLORAL HEART (❦)
2767	ROTATED FLORAL HEART BULLET (❧)
2768	MEDIUM LEFT PARENTHESIS ORNAMENT (❨)
2769	MEDIUM RIGHT PARENTHESIS ORNAMENT (❩)
276A	MEDIUM FLATTENED LEFT PARENTHESIS ORNAMENT (❪)
276B	MEDIUM FLATTENED RIGHT PARENTHESIS ORNAMENT (❫)
276C	MEDIUM LEFT-POINTING ANGLE BRACKET ORNAMENT (❬)
276D	MEDIUM RIGHT-POINTING ANGLE BRACKET ORNAMENT (❭)
276E	HEAVY LEFT-POINTING ANGLE QUOTATION MARK ORNAMENT (❮)
276F	HEAVY RIGHT-POINTING ANGLE QUOTATION MARK ORNAMENT (❯)
2770	HEAVY LEFT-POINTING ANGLE BRACKET ORNAMENT (❰)
2771	HEAVY RIGHT-POINTING ANGLE BRACKET ORNAMENT (❱)
2772	LIGHT LEFT TORTOISE SHELL BRACKET ORNAMENT (❲)
2773	LIGHT RIGHT TORTOISE SHELL BRACKET ORNAMENT (❳)
2774	MEDIUM LEFT CURLY BRACKET ORNAMENT (❴)
2775	MEDIUM RIGHT CURLY BRACKET ORNAMENT (❵)
2776	DINGBAT NEGATIVE CIRCLED DIGIT ONE (❶)
2777	DINGBAT NEGATIVE CIRCLED DIGIT TWO (❷)
2778	DINGBAT NEGATIVE CIRCLED DIGIT THREE (❸)
2779	DINGBAT NEGATIVE CIRCLED DIGIT FOUR (❹)
277A	DINGBAT NEGATIVE CIRCLED DIGIT FIVE (❺)
277B	DINGBAT NEGATIVE CIRCLED DIGIT SIX (❻)
277C	DINGBAT NEGATIVE CIRCLED DIGIT SEVEN (❼)
277D	DINGBAT NEGATIVE CIRCLED DIGIT EIGHT (❽)
277E	DINGBAT NEGATIVE CIRCLED DIGIT NINE (❾)
277F	DINGBAT NEGATIVE CIRCLED NUMBER TEN (❿)
2780	DINGBAT CIRCLED SANS-SERIF DIGIT ONE (➀)
2781	DINGBAT CIRCLED SANS-SERIF DIGIT TWO (➁)
2782	DINGBAT CIRCLED SANS-SERIF DIGIT THREE (➂)
2783	DINGBAT CIRCLED SANS-SERIF DIGIT FOUR (➃)
2784	DINGBAT CIRCLED SANS-SERIF DIGIT FIVE (➄)
2785	DINGBAT CIRCLED SANS-SERIF DIGIT SIX (➅)
2786	DINGBAT CIRCLED SANS-SERIF DIGIT SEVEN (➆)
2787	DINGBAT CIRCLED SANS-SERIF DIGIT EIGHT (➇)
2788	DINGBAT CIRCLED SANS-SERIF DIGIT NINE (➈)
2789	DINGBAT CIRCLED SANS-SERIF NUMBER TEN (➉)
278A	DINGBAT NEGATIVE CIRCLED SANS-SERIF DIGIT ONE (➊)
278B	DINGBAT NEGATIVE CIRCLED SANS-SERIF DIGIT TWO (➋)
278C	DINGBAT NEGATIVE CIRCLED SANS-SERIF DIGIT THREE (➌)
278D	DINGBAT NEGATIVE CIRCLED SANS-SERIF DIGIT FOUR (➍)
278E	DINGBAT NEGATIVE CIRCLED SANS-SERIF DIGIT FIVE (➎)
278F	DINGBAT NEGATIVE CIRCLED SANS-SERIF DIGIT SIX (➏)
2790	DINGBAT NEGATIVE CIRCLED SANS-SERIF DIGIT SEVEN (➐)
2791	DINGBAT NEGATIVE CIRCLED SANS-SERIF DIGIT EIGHT (➑)
2792	DINGBAT NEGATIVE CIRCLED SANS-SERIF DIGIT NINE (➒)
2793	DINGBAT NEGATIVE CIRCLED SANS-SERIF NUMBER TEN (➓)
2794	HEAVY WIDE-HEADED RIGHTWARDS ARROW (➔)
2795	HEAVY PLUS SIGN (➕)
2796	HEAVY MINUS SIGN (➖)
2797	HEAVY DIVISION SIGN (➗)
2798	HEAVY SOUTH EAST ARROW (➘)
2799	HEAVY RIGHTWARDS ARROW (➙)
279A	HEAVY NORTH EAST ARROW (➚)
279B	DRAFTING POINT RIGHTWARDS ARROW (➛)
279C	HEAVY ROUND-TIPPED RIGHTWARDS ARROW (➜)
279D	TRIANGLE-HEADED RIGHTWARDS ARROW (➝)
279E	HEAVY TRIANGLE-HEADED RIGHTWARDS ARROW (➞)
279F	DASHED TRIANGLE-HEADED RIGHTWARDS ARROW (➟)
27A0	HEAVY DASHED TRIANGLE-HEADED RIGHTWARDS ARROW (➠)
27A1	BLACK RIGHTWARDS ARROW (➡)
27A2	THREE-D TOP-LIGHTED RIGHTWARDS ARROWHEAD (➢)
27A3	THREE-D BOTTOM-LIGHTED RIGHTWARDS ARROWHEAD (➣)
27A4	BLACK RIGHTWARDS ARROWHEAD (➤)
27A5	HEAVY BLACK CURVED DOWNWARDS AND RIGHTWARDS ARROW (➥)
27A6	HEAVY BLACK CURVED UPWARDS AND RIGHTWARDS ARROW (➦)
27A7	SQUAT BLACK RIGHTWARDS ARROW (➧)
27A8	HEAVY CONCAVE-POINTED BLACK RIGHTWARDS ARROW (➨)
27A9	RIGHT-SHADED WHITE RIGHTWARDS ARROW (➩)
27AA	LEFT-SHADED WHITE RIGHTWARDS ARROW (➪)
27AB	BACK-TILTED SHADOWED WHITE RIGHTWARDS ARROW (➫)
27AC	FRONT-TILTED SHADOWED WHITE RIGHTWARDS ARROW (➬)
27AD	HEAVY LOWER RIGHT-SHADOWED WHITE RIGHTWARDS ARROW (➭)
27AE	HEAVY UPPER RIGHT-SHADOWED WHITE RIGHTWARDS ARROW (➮)
27AF	NOTCHED LOWER RIGHT-SHADOWED WHITE RIGHTWARDS ARROW (➯)
27B0	CURLY LOOP (➰)
27B1	NOTCHED UPPER RIGHT-SHADOWED WHITE RIGHTWARDS ARROW (➱)
27B2	CIRCLED HEAVY WHITE RIGHTWARDS ARROW (➲)
27B3	WHITE-FEATHERED RIGHTWARDS ARROW (➳)
27B4	BLACK-FEATHERED SOUTH EAST ARROW (➴)
27B5	BLACK-FEATHERED RIGHTWARDS ARROW (➵)
27B6	BLACK-FEATHERED NORTH EAST ARROW (➶)
27B7	HEAVY BLACK-FEATHERED SOUTH EAST ARROW (➷)
27B8	HEAVY BLACK-FEATHERED RIGHTWARDS ARROW (➸)
27B9	HEAVY BLACK-FEATHERED NORTH EAST ARROW (➹)
27BA	TEARDROP-BARBED RIGHTWARDS ARROW (➺)
27BB	HEAVY TEARDROP-SHANKED RIGHTWARDS ARROW (➻)
27BC	WEDGE-TAILED RIGHTWARDS ARROW (➼)
27BD	HEAVY WEDGE-TAILED RIGHTWARDS ARROW (➽)
27BE	OPEN-OUTLINED RIGHTWARDS ARROW (➾)
27BF	DOUBLE CURLY LOOP (➿)